"ERP_FAMILY","APPLICATION_ID","BUSINESS_OBJECT","ERP_INTERFACE_OPTIONS_ID","UCM_ACCOUNT","LOAD_JOB_NAME","IMPORT_JOB_NAME","CONTROL_FILE_NAME","INTERFACE_TABLE_NAMES"
"SCM","10008","Source Sales Order","72","scm/sourceSalesOrder/import","","/oracle/apps/ess/scm/doo/decomposition/receiveTransform/receiveSalesOrder;ImportOrdersJob","DooOrderBillingPlansInt.ctl","DOO_ORDER_BILLING_PLANS_INT"
"SCM","10008","Source Sales Order","72","scm/sourceSalesOrder/import","","/oracle/apps/ess/scm/doo/decomposition/receiveTransform/receiveSalesOrder;ImportOrdersJob","DooOrderManualPriceAdjInt.ctl","DOO_ORDER_MANUAL_PRICE_ADJ_INT"
"SCM","10008","Source Sales Order","72","scm/sourceSalesOrder/import","","/oracle/apps/ess/scm/doo/decomposition/receiveTransform/receiveSalesOrder;ImportOrdersJob","DooOrderHdrsAllEffBInt.ctl","DOO_ORDER_HDRS_ALL_EFF_B_INT"
"SCM","10008","Source Sales Order","72","scm/sourceSalesOrder/import","","/oracle/apps/ess/scm/doo/decomposition/receiveTransform/receiveSalesOrder;ImportOrdersJob","DooOrderLinesAllEffBInt.ctl","DOO_ORDER_LINES_ALL_EFF_B_INT"
"SCM","10008","Source Sales Order","72","scm/sourceSalesOrder/import","","/oracle/apps/ess/scm/doo/decomposition/receiveTransform/receiveSalesOrder;ImportOrdersJob","DooProjectsInt.ctl","DOO_PROJECTS_INT"
"SCM","10008","Source Sales Order","72","scm/sourceSalesOrder/import","","/oracle/apps/ess/scm/doo/decomposition/receiveTransform/receiveSalesOrder;ImportOrdersJob","DooOrderTermsInt.ctl","DOO_ORDER_TERMS_INT"
"SCM","10008","Source Sales Order","72","scm/sourceSalesOrder/import","","/oracle/apps/ess/scm/doo/decomposition/receiveTransform/receiveSalesOrder;ImportOrdersJob","DooOrderChargeTiersInt.ctl","DOO_ORDER_CHARGE_TIERS_INT"
"SCM","10008","Orchestration Order","142","scm/orderFulfillmentResponse/import","","/oracle/apps/ess/scm/doo/taskLayer/common;ImportOrderFulfillmentResponseJob","DooFsFulfillLinesInt.ctl","DOO_FS_FULFILL_LINES_INT"
"SCM","10008","Orchestration Order","142","scm/orderFulfillmentResponse/import","","/oracle/apps/ess/scm/doo/taskLayer/common;ImportOrderFulfillmentResponseJob","DooFsMessagesInt.ctl","DOO_FS_MESSAGES_INT"
"SCM","10008","Orchestration Order","142","scm/orderFulfillmentResponse/import","","/oracle/apps/ess/scm/doo/taskLayer/common;ImportOrderFulfillmentResponseJob","DooFsFulfillLinesEffBInt.ctl","DOO_FS_FULFILL_LINES_EFF_B_INT"
"SCM","10008","Orchestration Order","142","scm/orderFulfillmentResponse/import","","/oracle/apps/ess/scm/doo/taskLayer/common;ImportOrderFulfillmentResponseJob","DooFsResponseHeadersInt.ctl","DOO_FS_RESPONSE_HEADERS_INT"
"SCM","10008","Orchestration Order","142","scm/orderFulfillmentResponse/import","","/oracle/apps/ess/scm/doo/taskLayer/common;ImportOrderFulfillmentResponseJob","DooFsFulfillLineDtlsInt.ctl","DOO_FS_FULFILL_LINE_DTLS_INT"
"SCM","10008","Orchestration Order","142","scm/orderFulfillmentResponse/import","","/oracle/apps/ess/scm/doo/taskLayer/common;ImportOrderFulfillmentResponseJob","DooFsLotSerialsInt.ctl","DOO_FS_LOT_SERIALS_INT"
"SCM","10008","Orchestration Order","142","scm/orderFulfillmentResponse/import","","/oracle/apps/ess/scm/doo/taskLayer/common;ImportOrderFulfillmentResponseJob","DooFsShippingCostsInt.ctl","DOO_FS_SHIPPING_COSTS_INT"
"FIN","260","bankStatement","91","fin/cashManagement/import","","/oracle/apps/ess/financials/cashManagement/cashPosition/integration;CashPositionDataTransfer","CeCpBankStmtHeaderInterface.ctl","CE_CP_STMT_HEADERS_INT"
"SCM","10010","Change Order","119","scm/changeOrder/import","","/oracle/apps/ess/scm/productCatalogManagement/changeObjects;ChangeOrderImportJobDef","EgoChangesInterface.ctl","EGO_CHANGES_INT"
"SCM","10010","Change Order","119","scm/changeOrder/import","","/oracle/apps/ess/scm/productCatalogManagement/changeObjects;ChangeOrderImportJobDef","EgoChangeLinesInterface.ctl","EGO_CHANGE_LINES_INT"
"SCM","10010","Change Order","119","scm/changeOrder/import","","/oracle/apps/ess/scm/productCatalogManagement/changeObjects;ChangeOrderImportJobDef","EgoChangeAttachmentsInterface.ctl","EGO_CHANGE_ATTACHMENTS_INT"
"SCM","10010","Change Order","119","scm/changeOrder/import","","/oracle/apps/ess/scm/productCatalogManagement/changeObjects;ChangeOrderImportJobDef","EgoChangeEffInterface.ctl","EGO_CHANGE_EFF_INT"
"SCM","10010","Change Order","119","scm/changeOrder/import","","/oracle/apps/ess/scm/productCatalogManagement/changeObjects;ChangeOrderImportJobDef","EgoChangeHistoryInterface.ctl","EGO_CHANGE_HISTORY_INT"
"PRJ","8402","Award","57","prj/grantsManagement/import","","/oracle/apps/ess/projects/grantsManagement/award;AwardMassImportJob","GmsAwardHeadersInterface.ctl","GMS_AWARD_HEADERS_INT"
"PRJ","8402","Award","57","prj/grantsManagement/import","","/oracle/apps/ess/projects/grantsManagement/award;AwardMassImportJob","GmsAwardKeywordsInterface.ctl","GMS_AWARD_KEYWORDS_INT"
"PRJ","8402","Award","57","prj/grantsManagement/import","","/oracle/apps/ess/projects/grantsManagement/award;AwardMassImportJob","GmsAwardReferencesInterface.ctl","GMS_AWARD_REFERENCES_INT"
"PRJ","8402","Award","57","prj/grantsManagement/import","","/oracle/apps/ess/projects/grantsManagement/award;AwardMassImportJob","GmsAwardCertsInterface.ctl","GMS_AWARD_CERTS_INT"
"PRJ","8402","Award","57","prj/grantsManagement/import","","/oracle/apps/ess/projects/grantsManagement/award;AwardMassImportJob","GmsAwardTermsInterface.ctl","GMS_AWARD_TERMS_INT"
"SCM","10011","Catalogs","137","scm/item/import","","/oracle/apps/ess/scm/productModel/items;CatalogImportJobDef","EgpCategoriesTlInterface.ctl","EGP_CATEGORIES_TL_INT"
"SCM","10011","Catalogs","137","scm/item/import","","/oracle/apps/ess/scm/productModel/items;CatalogImportJobDef","EgpCatalogCatAttachInterface.ctl","EGP_CATALOG_CAT_ATTACH_INT"
"SCM","10011","Reference Organization Items","180","scm/item/import","","/oracle/apps/ess/scm/productModel/items;ItemImportRefOrgBulkImportJobDef","EgpImportRefOrgItemsInt.ctl","EGP_IMPORT_REF_ORG_ITEMS_INT"
"SCM","10011","Reference Organization Items","180","scm/item/import","","/oracle/apps/ess/scm/productModel/items;ItemImportRefOrgBulkImportJobDef","EgpImportRefOrgOrgsInt.ctl","EGP_IMPORT_REF_ORG_ORGS_INT"
"SCM","10011","Reference Organization Items","180","scm/item/import","","/oracle/apps/ess/scm/productModel/items;ItemImportRefOrgBulkImportJobDef","EgpImportRefOrgStructInt.ctl","EGP_IMPORT_REF_ORG_STRUCT_INT"
"PRJ","10037","Project Task","38","prj/projectFoundation/import","","/oracle/apps/ess/projects/foundation/projectDefinition;ImportTasksInterfaceDataJobDef","PjfProjElementsXface.ctl","PJF_PROJ_ELEMENTS_XFACE"
"PRJ","10037","Project","46","prj/projectFoundation/import","","/oracle/apps/ess/projects/foundation/projectDefinition;ImportProjectJobDef","PjfProjectsAllXface.ctl","PJF_PROJECTS_ALL_XFACE"
"PRJ","10037","Project","46","prj/projectFoundation/import","","/oracle/apps/ess/projects/foundation/projectDefinition;ImportProjectJobDef","PjfProjElementsXface.ctl","PJF_PROJ_ELEMENTS_XFACE"
"PRJ","10037","Project","46","prj/projectFoundation/import","","/oracle/apps/ess/projects/foundation/projectDefinition;ImportProjectJobDef","PjfTxnControlsStage.ctl","PJC_TXN_CONTROLS_STAGE"
"PRJ","10037","Project","46","prj/projectFoundation/import","","/oracle/apps/ess/projects/foundation/projectDefinition;ImportProjectJobDef","PjfProjectPartiesInt.ctl","PJF_PROJECT_PARTIES_INT"
"PRJ","10037","Project","46","prj/projectFoundation/import","","/oracle/apps/ess/projects/foundation/projectDefinition;ImportProjectJobDef","PjfProjectClassesInt.ctl","PJF_PROJECT_CLASSES_INT"
"PRJ","10037","Project","46","prj/projectFoundation/import","","/oracle/apps/ess/projects/foundation/projectDefinition;ImportProjectJobDef","PjtProjectNonLaborResourcesInt.ctl","PJT_PROJ_NONLABOR_RES_INT"
"PRJ","10037","Project","46","prj/projectFoundation/import","","/oracle/apps/ess/projects/foundation/projectDefinition;ImportProjectJobDef","PjtTaskResourcesInt.ctl","PJT_TASK_RESOURCES_INT"
"PRJ","10037","Project","46","prj/projectFoundation/import","","/oracle/apps/ess/projects/foundation/projectDefinition;ImportProjectJobDef","PjtTaskDependenciesInt.ctl","PJT_TASK_DEPENDENCIES_INT"
"PRJ","10037","Project","46","prj/projectFoundation/import","","/oracle/apps/ess/projects/foundation/projectDefinition;ImportProjectJobDef","PjtTeamMemberProgressInt.ctl","PJT_TEAM_MEMBER_PROG_INT"
"PRJ","10037","Project","46","prj/projectFoundation/import","","/oracle/apps/ess/projects/foundation/projectDefinition;ImportProjectJobDef","PjtProjectCodesInt.ctl","PJT_PROJECT_CODES_INT"
"PRJ","10037","Project","46","prj/projectFoundation/import","","/oracle/apps/ess/projects/foundation/projectDefinition;ImportProjectJobDef","PjtTaskCodesInt.ctl","PJT_TASK_CODES_INT"
"PRJ","10037","Project Rate Schedule","109","prj/projectSetup/import","","/oracle/apps/ess/projects/foundation/setup/rates;ImportRateSchedulesJob","PjfRateSchInt.ctl","PJF_RATE_SCHEDULES_INT"
"PRJ","10037","Project Rate Schedule","109","prj/projectSetup/import","","/oracle/apps/ess/projects/foundation/setup/rates;ImportRateSchedulesJob","PjfPersonRateSchLinesInt.ctl","PJF_RATE_SCHEDULE_LINES_INT"
"PRJ","10037","Project Rate Schedule","109","prj/projectSetup/import","","/oracle/apps/ess/projects/foundation/setup/rates;ImportRateSchedulesJob","PjfJobRateSchLinesInt.ctl","PJF_RATE_SCHEDULE_LINES_INT"
"PRJ","10037","Project Rate Schedule","109","prj/projectSetup/import","","/oracle/apps/ess/projects/foundation/setup/rates;ImportRateSchedulesJob","PjfNonlaborRateSchLinesInt.ctl","PJF_RATE_SCHEDULE_LINES_INT"
"PRJ","10037","Project Rate Schedule","109","prj/projectSetup/import","","/oracle/apps/ess/projects/foundation/setup/rates;ImportRateSchedulesJob","PjfResourceClassRateSchLinesInt.ctl","PJF_RATE_SCHEDULE_LINES_INT"
"PRJ","10037","Project Rate Schedule","109","prj/projectSetup/import","","/oracle/apps/ess/projects/foundation/setup/rates;ImportRateSchedulesJob","PjfBillRevRateOverridesInt.ctl","PJF_RATE_OVERRIDES_INT"
"PRJ","10037","Project Rate Schedule","109","prj/projectSetup/import","","/oracle/apps/ess/projects/foundation/setup/rates;ImportRateSchedulesJob","PjfCostRateOverridesInt.ctl","PJF_RATE_OVERRIDES_INT"
"PRJ","10037","Project Rate Schedule","109","prj/projectSetup/import","","/oracle/apps/ess/projects/foundation/setup/rates;ImportRateSchedulesJob","PjfProjectRoleRateSchLinesInt.ctl","PJF_RATE_SCHEDULE_LINES_INT"
"PRJ","10037","Project Resource Breakdown Structure","136","prj/projectSetup/import","","/oracle/apps/ess/projects/foundation/resources;ImportPrbsJob","PjfRbsHeaderInt.ctl","PJF_RBS_HEADERS_INT"
"PRJ","10037","Project Resource Breakdown Structure","136","prj/projectSetup/import","","/oracle/apps/ess/projects/foundation/resources;ImportPrbsJob","PjfRbsElementInt.ctl","PJF_RBS_ELEMENTS_INT"
"SCM","10008","Source Sales Order","72","scm/sourceSalesOrder/import","","/oracle/apps/ess/scm/doo/decomposition/receiveTransform/receiveSalesOrder;ImportOrdersJob","DooOrderHeadersAllInt.ctl","DOO_ORDER_HEADERS_ALL_INT"
"SCM","10008","Source Sales Order","72","scm/sourceSalesOrder/import","","/oracle/apps/ess/scm/doo/decomposition/receiveTransform/receiveSalesOrder;ImportOrdersJob","DooOrderLinesAllInt.ctl","DOO_ORDER_LINES_ALL_INT"
"SCM","10008","Source Sales Order","72","scm/sourceSalesOrder/import","","/oracle/apps/ess/scm/doo/decomposition/receiveTransform/receiveSalesOrder;ImportOrdersJob","DooOrderTxnAttributesInt.ctl","DOO_ORDER_TXN_ATTRIBUTES_INT"
"SCM","10008","Source Sales Order","72","scm/sourceSalesOrder/import","","/oracle/apps/ess/scm/doo/decomposition/receiveTransform/receiveSalesOrder;ImportOrdersJob","DooOrderSalesCreditsInt.ctl","DOO_ORDER_SALES_CREDITS_INT"
"FIN","10572","Lease Properties","170","fin/leaseAccounting/import","","/oracle/apps/ess/financials/fla/finFla/finLeaseShared;GenerateRevenue","FlaRevenuePaymentHeadersInt.ctl","FLA_PAYMENT_HEADERS_INT"
"FIN","10572","Lease Properties","170","fin/leaseAccounting/import","","/oracle/apps/ess/financials/fla/finFla/finLeaseShared;GenerateRevenue","FlaRevenuePaymentLinesInt.ctl","FLA_PAYMENT_LINES_INT"
"FIN","10572","Lease Properties","170","fin/leaseAccounting/import","","/oracle/apps/ess/financials/fla/finFla/finLeaseShared;GenerateRevenue","FlaRevenueOptionHeadersInt.ctl","FLA_PAYMENT_HEADERS_INT"
"FIN","10572","Lease Properties","170","fin/leaseAccounting/import","","/oracle/apps/ess/financials/fla/finFla/finLeaseShared;GenerateRevenue","FlaRevenueOptionLinesInt.ctl","FLA_PAYMENT_LINES_INT,FLA_INTERFACE_REJECTIONS"
"FIN","10572","Lease Properties","170","fin/leaseAccounting/import","","/oracle/apps/ess/financials/fla/finFla/finLeaseShared;GenerateRevenue","FlaRevenueRightsInt.ctl","FLA_RIGHTS_INT"
"FIN","10572","Lease Properties","170","fin/leaseAccounting/import","","/oracle/apps/ess/financials/fla/finFla/finLeaseShared;GenerateRevenue","FlaRevenueObligationsInt.ctl","FLA_OBLIGATIONS_INT"
"FIN","10572","Lease Properties","170","fin/leaseAccounting/import","","/oracle/apps/ess/financials/fla/finFla/finLeaseShared;GenerateRevenue","FlaRevenueMilestonesInt.ctl","FLA_MILESTONES_INT"
"FIN","10572","Lease Properties","170","fin/leaseAccounting/import","","/oracle/apps/ess/financials/fla/finFla/finLeaseShared;GenerateRevenue","FlaRevenueAmendLeasesInt.ctl","FLA_LEASES_INT"
"FIN","10572","Lease Properties","170","fin/leaseAccounting/import","","/oracle/apps/ess/financials/fla/finFla/finLeaseShared;GenerateRevenue","FlaRevenueAmendAssetsInt.ctl","FLA_ASSETS_INT"
"FIN","10572","Lease Properties","170","fin/leaseAccounting/import","","/oracle/apps/ess/financials/fla/finFla/finLeaseShared;GenerateRevenue","FlaRevenueAmendPaymentHdrsInt.ctl","FLA_PAYMENT_HEADERS_INT"
"FIN","10572","Lease Properties","170","fin/leaseAccounting/import","","/oracle/apps/ess/financials/fla/finFla/finLeaseShared;GenerateRevenue","FlaRevenueAmendPaymentLinesInt.ctl","FLA_PAYMENT_LINES_INT"
"FIN","10572","Lease Properties","170","fin/leaseAccounting/import","","/oracle/apps/ess/financials/fla/finFla/finLeaseShared;GenerateRevenue","FlaRevenueAmendOptionHdrsInt.ctl","FLA_PAYMENT_HEADERS_INT"
"FIN","10572","Lease Properties","170","fin/leaseAccounting/import","","/oracle/apps/ess/financials/fla/finFla/finLeaseShared;GenerateRevenue","FlaRevenueAmendOptionLinesInt.ctl","FLA_PAYMENT_LINES_INT,FLA_INTERFACE_REJECTIONS"
"FIN","10572","Lease Properties","170","fin/leaseAccounting/import","","/oracle/apps/ess/financials/fla/finFla/finLeaseShared;GenerateRevenue","FlaRevenueAmendRightsInt.ctl","FLA_RIGHTS_INT"
"FIN","10572","Lease Properties","170","fin/leaseAccounting/import","","/oracle/apps/ess/financials/fla/finFla/finLeaseShared;GenerateRevenue","FlaRevenueAmendObligationsInt.ctl","FLA_OBLIGATIONS_INT"
"FIN","10572","Lease Properties","170","fin/leaseAccounting/import","","/oracle/apps/ess/financials/fla/finFla/finLeaseShared;GenerateRevenue","FlaRevenueManageLeasesInt.ctl","FLA_LEASES_INT"
"FIN","10572","Lease Properties","170","fin/leaseAccounting/import","","/oracle/apps/ess/financials/fla/finFla/finLeaseShared;GenerateRevenue","FlaRevenueManageAssetsInt.ctl","FLA_ASSETS_INT"
"FIN","10572","Lease Properties","170","fin/leaseAccounting/import","","/oracle/apps/ess/financials/fla/finFla/finLeaseShared;GenerateRevenue","FlaRevenueManagePaymentsInt.ctl","FLA_PAYMENT_HEADERS_INT"
"FIN","10572","Lease Properties","170","fin/leaseAccounting/import","","/oracle/apps/ess/financials/fla/finFla/finLeaseShared;GenerateRevenue","FlaRevenueManageOptionsInt.ctl","FLA_PAYMENT_HEADERS_INT"
"FIN","10572","Lease Properties","170","fin/leaseAccounting/import","","/oracle/apps/ess/financials/fla/finFla/finLeaseShared;GenerateRevenue","FlaRevenueAccountsInt.ctl","FLA_PAYMENT_ACCOUNTS_INT"
"FIN","10572","Lease Properties","170","fin/leaseAccounting/import","","/oracle/apps/ess/financials/fla/finFla/finLeaseShared;GenerateRevenue","FlaRevenueAmendAccountsInt.ctl","FLA_PAYMENT_ACCOUNTS_INT"
"FIN","10572","Lease Properties","170","fin/leaseAccounting/import","","/oracle/apps/ess/financials/fla/finFla/finLeaseShared;GenerateRevenue","FlaRevenueMiscPaymentsInt.ctl","FLA_MISCELLANEOUS_PAYMENTS_INT"
"FIN","10572","Lease Properties","170","fin/leaseAccounting/import","","/oracle/apps/ess/financials/fla/finFla/finLeaseShared;GenerateRevenue","FlaRevenueAgreementsInt.ctl","FLA_INCREMENT_HEADERS_INT"
"FIN","10572","Lease Properties","170","fin/leaseAccounting/import","","/oracle/apps/ess/financials/fla/finFla/finLeaseShared;GenerateRevenue","FlaRevenueAgreementPeriodsInt.ctl","FLA_INCREMENT_PERIODS_INT"
"FIN","10572","Lease Properties","170","fin/leaseAccounting/import","","/oracle/apps/ess/financials/fla/finFla/finLeaseShared;GenerateRevenue","FlaRevenueAmendAgreementsInt.ctl","FLA_INCREMENT_HEADERS_INT"
"FIN","10572","Lease Properties","170","fin/leaseAccounting/import","","/oracle/apps/ess/financials/fla/finFla/finLeaseShared;GenerateRevenue","FlaRevenueAmendAgmtPeriodsInt.ctl","FLA_INCREMENT_PERIODS_INT"
"FIN","222","receivablesLockbox","3","fin/receivables/import","","/oracle/apps/ess/financials/receivables/receipts/lockboxes;ProcessLockboxesMasterEss","arlockboximportutf8c.ctl","AR_PAYMENTS_INTERFACE_ALL"
"FIN","222","receivablesLockbox","3","fin/receivables/import","","/oracle/apps/ess/financials/receivables/receipts/lockboxes;ProcessLockboxesMasterEss","arlockboximportzenginr.ctl","AR_PAYMENTS_INTERFACE_ALL"
"FIN","222","receivablesLockbox","3","fin/receivables/import","","/oracle/apps/ess/financials/receivables/receipts/lockboxes;ProcessLockboxesMasterEss","arlockboximportzenginvan.ctl","AR_PAYMENTS_INTERFACE_ALL"
"FIN","222","customer","4","fin/receivables/import","","/oracle/apps/ess/cdm/foundation/bulkImport;BulkImportJob","HzImpPartySitesT.ctl","HZ_IMP_PARTYSITES_T"
"FIN","222","customer","4","fin/receivables/import","","/oracle/apps/ess/cdm/foundation/bulkImport;BulkImportJob","HzImpPartySiteUsesT.ctl","HZ_IMP_PARTYSITEUSES_T"
"FIN","222","customer","4","fin/receivables/import","","/oracle/apps/ess/cdm/foundation/bulkImport;BulkImportJob","HzImpAccountsT.ctl","HZ_IMP_ACCOUNTS_T"
"FIN","222","customer","4","fin/receivables/import","","/oracle/apps/ess/cdm/foundation/bulkImport;BulkImportJob","HzImpAcctSitesT.ctl","HZ_IMP_ACCTSITES_T"
"FIN","222","customer","4","fin/receivables/import","","/oracle/apps/ess/cdm/foundation/bulkImport;BulkImportJob","HzImpAcctSiteUsesT.ctl","HZ_IMP_ACCTSITEUSES_T"
"FIN","222","customer","4","fin/receivables/import","","/oracle/apps/ess/cdm/foundation/bulkImport;BulkImportJob","HzImpAccountRels.ctl","HZ_IMP_ACCOUNTRELS"
"FIN","222","customer","4","fin/receivables/import","","/oracle/apps/ess/cdm/foundation/bulkImport;BulkImportJob","HzImpPartiesT.ctl","HZ_IMP_PARTIES_T"
"FIN","222","customer","4","fin/receivables/import","","/oracle/apps/ess/cdm/foundation/bulkImport;BulkImportJob","HzImpAcctContactsT.ctl","HZ_IMP_ACCTCONTACTS_T"
"FIN","222","customer","4","fin/receivables/import","","/oracle/apps/ess/cdm/foundation/bulkImport;BulkImportJob","HzImpContactPtsT.ctl","HZ_IMP_CONTACTPTS_T"
"FIN","222","customer","4","fin/receivables/import","","/oracle/apps/ess/cdm/foundation/bulkImport;BulkImportJob","HzImpContactRoles.ctl","HZ_IMP_CONTACTROLES"
"FIN","222","customer","4","fin/receivables/import","","/oracle/apps/ess/cdm/foundation/bulkImport;BulkImportJob","HzImpContactsT.ctl","HZ_IMP_CONTACTS_T"
"FIN","222","customer","4","fin/receivables/import","","/oracle/apps/ess/cdm/foundation/bulkImport;BulkImportJob","HzImpLocationsT.ctl","HZ_IMP_LOCATIONS_T"
"FIN","222","customer","4","fin/receivables/import","","/oracle/apps/ess/cdm/foundation/bulkImport;BulkImportJob","HzImpRelshipsT.ctl","HZ_IMP_RELSHIPS_T"
"FIN","222","customer","4","fin/receivables/import","","/oracle/apps/ess/cdm/foundation/bulkImport;BulkImportJob","HzImpRoleResp.ctl","HZ_IMP_ROLERESP"
"FIN","222","customer","4","fin/receivables/import","","/oracle/apps/ess/cdm/foundation/bulkImport;BulkImportJob","HzImpClassificsT.ctl","HZ_IMP_CLASSIFICS_T"
"FIN","222","customer","4","fin/receivables/import","","/oracle/apps/ess/cdm/foundation/bulkImport;BulkImportJob","HzImpPersonLang.ctl","HZ_IMP_PERSONLANG"
"FIN","222","customer","4","fin/receivables/import","","/oracle/apps/ess/cdm/foundation/bulkImport;BulkImportJob","RaCustomerProfilesIntAll.ctl","RA_CUSTOMER_PROFILES_INT_ALL"
"FIN","222","customer","4","fin/receivables/import","","/oracle/apps/ess/cdm/foundation/bulkImport;BulkImportJob","RaCustPayMethodIntAll.ctl","RA_CUST_PAY_METHOD_INT_ALL"
"FIN","222","customer","4","fin/receivables/import","","/oracle/apps/ess/cdm/foundation/bulkImport;BulkImportJob","RaCustomerBanksIntAll.ctl","RA_CUSTOMER_BANKS_INT_ALL"
"FIN","222","customers","59","fin/receivables/import","","/oracle/apps/ess/financials/receivables/customerSetup/customerProfileClasses;UploadCustomerEss","ArUpdCustomers.ctl","AR_UPD_CUSTOMERS"
"FIN","222","customers","59","fin/receivables/import","","/oracle/apps/ess/financials/receivables/customerSetup/customerProfileClasses;UploadCustomerEss","ArUpdContacts.ctl","AR_UPD_CONTACTS"
"FIN","222","customers","59","fin/receivables/import","","/oracle/apps/ess/financials/receivables/customerSetup/customerProfileClasses;UploadCustomerEss","ArUpdRefAccounts.ctl","AR_UPD_REF_ACCOUNTS"
"FIN","222","customers","59","fin/receivables/import","","/oracle/apps/ess/financials/receivables/customerSetup/customerProfileClasses;UploadCustomerEss","ArUpdBankAccounts.ctl","AR_UPD_BANK_ACCOUNTS"
"FIN","222","creditManagement","113","fin/receivables/import","","/oracle/apps/ess/financials/receivables/creditManagement;ARCMICD","ArCmgtCreditData.ctl","AR_CMGT_DATA_POINTS_INT"
"SCM","667","Price List","74","scm/priceLists/import","","/oracle/apps/ess/scm/pricing/pricingAdmin/priceLists;QpPriceListsImportJob","QpPriceListsInt.ctl","QP_PRICE_LISTS_INT"
"SCM","667","Price List","74","scm/priceLists/import","","/oracle/apps/ess/scm/pricing/pricingAdmin/priceLists;QpPriceListsImportJob","QpPriceListSetsInt.ctl","QP_PRICE_LIST_SETS_INT"
"SCM","667","Price List","74","scm/priceLists/import","","/oracle/apps/ess/scm/pricing/pricingAdmin/priceLists;QpPriceListsImportJob","QpPriceListItemsInt.ctl","QP_PRICE_LIST_ITEMS_INT"
"SCM","667","Price List","74","scm/priceLists/import","","/oracle/apps/ess/scm/pricing/pricingAdmin/priceLists;QpPriceListsImportJob","QpPriceListChargesInt.ctl","QP_PRICE_LIST_CHARGES_INT"
"SCM","667","Price List","74","scm/priceLists/import","","/oracle/apps/ess/scm/pricing/pricingAdmin/priceLists;QpPriceListsImportJob","QpPlCompItemsInt.ctl","QP_PL_COMP_ITEMS_INT"
"SCM","667","Price List","74","scm/priceLists/import","","/oracle/apps/ess/scm/pricing/pricingAdmin/priceLists;QpPriceListsImportJob","QpMatrixDimensionsInt.ctl","QP_MATRIX_DIMENSIONS_INT"
"SCM","667","Price List","74","scm/priceLists/import","","/oracle/apps/ess/scm/pricing/pricingAdmin/priceLists;QpPriceListsImportJob","QpMatrixRulesInt.ctl","QP_MATRIX_RULES_INT"
"SCM","667","Price List","74","scm/priceLists/import","","/oracle/apps/ess/scm/pricing/pricingAdmin/priceLists;QpPriceListsImportJob","QpTierHeadersInt.ctl","QP_TIER_HEADERS_INT"
"SCM","667","Price List","74","scm/priceLists/import","","/oracle/apps/ess/scm/pricing/pricingAdmin/priceLists;QpPriceListsImportJob","QpTierLinesInt.ctl","QP_TIER_LINES_INT"
"SCM","667","Price List","74","scm/priceLists/import","","/oracle/apps/ess/scm/pricing/pricingAdmin/priceLists;QpPriceListsImportJob","QpPlCoveredItemsInt.ctl","QP_PL_COVERED_ITEMS_INT"
"SCM","667","Discount List","148","scm/discountLists/import","","/oracle/apps/ess/scm/pricing/pricingAdmin/discountLists;QpDiscountListsImportJob","QpDiscountListsInt.ctl","QP_DISCOUNT_LISTS_INT"
"SCM","667","Discount List","148","scm/discountLists/import","","/oracle/apps/ess/scm/pricing/pricingAdmin/discountLists;QpDiscountListsImportJob","QpDiscountListSetsInt.ctl","QP_DISCOUNT_LIST_SETS_INT"
"SCM","667","Discount List","148","scm/discountLists/import","","/oracle/apps/ess/scm/pricing/pricingAdmin/discountLists;QpDiscountListsImportJob","QpDiscountListItemsInt.ctl","QP_DISCOUNT_LIST_ITEMS_INT"
"SCM","667","Discount List","148","scm/discountLists/import","","/oracle/apps/ess/scm/pricing/pricingAdmin/discountLists;QpDiscountListsImportJob","QpPricingTermsInt.ctl","QP_PRICING_TERMS_INT"
"SCM","667","Discount List","148","scm/discountLists/import","","/oracle/apps/ess/scm/pricing/pricingAdmin/discountLists;QpDiscountListsImportJob","QpMatrixDimensionsInt.ctl","QP_MATRIX_DIMENSIONS_INT"
"SCM","667","Discount List","148","scm/discountLists/import","","/oracle/apps/ess/scm/pricing/pricingAdmin/discountLists;QpDiscountListsImportJob","QpMatrixRulesInt.ctl","QP_MATRIX_RULES_INT"
"SCM","667","Price List","150","scm/priceLists/import","","/oracle/apps/ess/scm/pricing/pricingAdmin/priceLists;QpPriceListsNewImportJob","QpPriceListsInterface.ctl","QP_PRICE_LISTS_INT, QP_ERROR_MESSAGES_INT"
"SCM","667","Price List","150","scm/priceLists/import","","/oracle/apps/ess/scm/pricing/pricingAdmin/priceLists;QpPriceListsNewImportJob","QpPriceListSetsInterface.ctl","QP_PRICE_LIST_SETS_INT"
"SCM","667","Price List","150","scm/priceLists/import","","/oracle/apps/ess/scm/pricing/pricingAdmin/priceLists;QpPriceListsNewImportJob","QpPriceListItemsInterface.ctl","QP_PRICE_LIST_ITEMS_INT"
"SCM","667","Price List","150","scm/priceLists/import","","/oracle/apps/ess/scm/pricing/pricingAdmin/priceLists;QpPriceListsNewImportJob","QpPriceListChargesInterface.ctl","QP_PRICE_LIST_CHARGES_INT"
"SCM","667","Price List","150","scm/priceLists/import","","/oracle/apps/ess/scm/pricing/pricingAdmin/priceLists;QpPriceListsNewImportJob","QpMatrixDimensionsInt.ctl","QP_MATRIX_DIMENSIONS_INT"
"SCM","667","Price List","150","scm/priceLists/import","","/oracle/apps/ess/scm/pricing/pricingAdmin/priceLists;QpPriceListsNewImportJob","QpMatrixRulesInt.ctl","QP_MATRIX_RULES_INT"
"SCM","667","Price List","150","scm/priceLists/import","","/oracle/apps/ess/scm/pricing/pricingAdmin/priceLists;QpPriceListsNewImportJob","QpTierHeadersInterface.ctl","QP_TIER_HEADERS_INT"
"SCM","667","Price List","150","scm/priceLists/import","","/oracle/apps/ess/scm/pricing/pricingAdmin/priceLists;QpPriceListsNewImportJob","QpTierLinesInterface.ctl","QP_TIER_LINES_INT"
"SCM","667","Price List","150","scm/priceLists/import","","/oracle/apps/ess/scm/pricing/pricingAdmin/priceLists;QpPriceListsNewImportJob","QpPlCoveredItemsInterface.ctl","QP_PL_COVERED_ITEMS_INT"
"SCM","667","Price List","150","scm/priceLists/import","","/oracle/apps/ess/scm/pricing/pricingAdmin/priceLists;QpPriceListsNewImportJob","QpPlCompItemsInterface.ctl","QP_PL_COMP_ITEMS_INT"
"SCM","667","Cost List","171","scm/costLists/import","","oracle/apps/ess/scm/pricing/pricingAdmin/costLists;QpCostListsImportJob","QpCostListsInt.ctl","QP_COST_LISTS_INT"
"SCM","667","Cost List","171","scm/costLists/import","","oracle/apps/ess/scm/pricing/pricingAdmin/costLists;QpCostListsImportJob","QpCostListSetsInt.ctl","QP_COST_LIST_SETS_INT"
"SCM","667","Cost List","171","scm/costLists/import","","oracle/apps/ess/scm/pricing/pricingAdmin/costLists;QpCostListsImportJob","QpCostListItemsInt.ctl","QP_COST_LIST_ITEMS_INT"
"SCM","667","Cost List","171","scm/costLists/import","","oracle/apps/ess/scm/pricing/pricingAdmin/costLists;QpCostListsImportJob","QpCostListChargesInt.ctl","QP_COST_LIST_CHARGES_INT"
"FIN","140","fixedAsset","9","fin/assets/import","","/oracle/apps/ess/financials/assets/additions;PostMassAdditions","FaMassaddDistributions.ctl","FA_MASSADD_DISTRIBUTIONS"
"FIN","140","fixedAsset","9","fin/assets/import","","/oracle/apps/ess/financials/assets/additions;PostMassAdditions","FaMcMassRates.ctl","FA_MC_MASS_RATES"
"FIN","140","fixedAsset","9","fin/assets/import","","/oracle/apps/ess/financials/assets/additions;PostMassAdditions","FaMassAdditions.ctl","FA_MASS_ADDITIONS, FA_INTERFACE_MAPS"
"FIN","140","fixedAsset","10","fin/assets/import","","/oracle/apps/ess/financials/assets/retirements/massRetirements;PostMassRetirements","FaRetirementDistsT.ctl","FA_RETIREMENT_DISTS_T"
"FIN","140","fixedAsset","10","fin/assets/import","","/oracle/apps/ess/financials/assets/retirements/massRetirements;PostMassRetirements","FaRetSrcLinesT.ctl","FA_RET_SRC_LINES_T"
"FIN","140","fixedAsset","10","fin/assets/import","","/oracle/apps/ess/financials/assets/retirements/massRetirements;PostMassRetirements","FaRetirementsT.ctl","FA_RETIREMENTS_T, FA_INTERFACE_MAPS"
"FIN","140","fixedAsset","11","fin/assets/import","","/oracle/apps/ess/financials/assets/tracking/massTransfers;PostMassTransfers","FaTransferDistsT.ctl","FA_TRANSFER_DISTS_T"
"SCM","724","Msc Common","168","scm/planningDataLoader/import","","/oracle/apps/ess/scm/advancedPlanning/collection/configuration;CSVController","ProductionHistory.ctl","MSC_ST_MEASURE_DATA"
"SCM","724","Msc Common","168","scm/planningDataLoader/import","","/oracle/apps/ess/scm/advancedPlanning/collection/configuration;CSVController","PurchaseOrderRequisition.ctl","MSC_ST_SUPPLIES"
"SCM","724","Msc Common","168","scm/planningDataLoader/import","","/oracle/apps/ess/scm/advancedPlanning/collection/configuration;CSVController","RealTimeSupplyUpdates.ctl","MSC_ST_SUP_UPDATE_ASSIGNMENTS"
"SCM","724","Msc Common","168","scm/planningDataLoader/import","","/oracle/apps/ess/scm/advancedPlanning/collection/configuration;CSVController","ReceiptMethods.ctl","MSC_ST_RECEIPT_METHODS"
"SCM","10494","Work Definition","133","scm/workDefinition/import","","/oracle/apps/ess/scm/commonWorkSetup/workDefinitions/massImport;ImportWorkDefinitionJob","WisWdOperationAltResourcesInt.ctl","WIS_WD_DETAILS_INT"
"SCM","10494","Work Definition","133","scm/workDefinition/import","","/oracle/apps/ess/scm/commonWorkSetup/workDefinitions/massImport;ImportWorkDefinitionJob","WisProcWdBatches.ctl","WIE_INT_BATCHES_B,WIE_INT_BATCHES_TL"
"SCM","10494","Work Definition","133","scm/workDefinition/import","","/oracle/apps/ess/scm/commonWorkSetup/workDefinitions/massImport;ImportWorkDefinitionJob","WisProcWorkDefinitionsInt.ctl","WIS_WORK_DEFINITIONS_INT"
"SCM","10494","Work Definition","133","scm/workDefinition/import","","/oracle/apps/ess/scm/commonWorkSetup/workDefinitions/massImport;ImportWorkDefinitionJob","WisProcWdOperationsInt.ctl","WIS_WD_DETAILS_INT"
"SCM","10494","Work Definition","133","scm/workDefinition/import","","/oracle/apps/ess/scm/commonWorkSetup/workDefinitions/massImport;ImportWorkDefinitionJob","WisProcWdOperationMaterialsInt.ctl","WIS_WD_DETAILS_INT"
"SCM","10494","Work Definition","133","scm/workDefinition/import","","/oracle/apps/ess/scm/commonWorkSetup/workDefinitions/massImport;ImportWorkDefinitionJob","WisProcWdOperationOutputsInt.ctl","WIS_WD_DETAILS_INT"
"SCM","10494","Work Definition","133","scm/workDefinition/import","","/oracle/apps/ess/scm/commonWorkSetup/workDefinitions/massImport;ImportWorkDefinitionJob","WisProcWdOperationResourcesInt.ctl","WIS_WD_DETAILS_INT"
"SCM","10494","Work Definition","133","scm/workDefinition/import","","/oracle/apps/ess/scm/commonWorkSetup/workDefinitions/massImport;ImportWorkDefinitionJob","WisProcWdOperationAltResInt.ctl","WIS_WD_DETAILS_INT"
"SCM","10494","Work Definition","133","scm/workDefinition/import","","/oracle/apps/ess/scm/commonWorkSetup/workDefinitions/massImport;ImportWorkDefinitionJob","WisWdOperationOutputsInt.ctl","WIS_WD_DETAILS_INT"
"FIN","235","taxRate","43","fin/tax/import","","/oracle/apps/ess/financials/tax/report;FinancialTaxPartyImport","ZxPtyImptDataUploadInterface.ctl","ZX_PARTY_TAX_PROFILE_STG, ZX_REGISTRATIONS_STG, ZX_EXEMPTIONS_STG, ZX_REPORT_CODES_ASSOC_STG, ZX_PARTY_TAXPAYER_STG, ZX_PARTY_IMPORT_ERRORS_STG"
"FIN","235","taxRate","44","fin/tax/import","","/oracle/apps/ess/financials/tax/report;FinancialTaxEntryRepo","ZxTERDataUploadInterface.ctl","ZX_TRANSACTION, ZX_TRANSACTION_LINES, ZX_TAX_LINES_INTERFACE, ZX_ITEM_DISTRIBUTIONS, ZX_TAX_DISTS_INTERFACE, ZX_IMPORT_ERRORS"
"FIN","235","taxRate","77","fin/tax/import","","/oracle/apps/ess/financials/tax/report;FinancialsTaxMultiFileUpload","ZxRIDataUploadInterface.ctl","ZX_DATA_UPLOAD_INTERFACE, ZX_PARTY_TAX_PROFILE_STG, ZX_REGISTRATIONS_STG, ZX_EXEMPTIONS_STG, ZX_REPORT_CODES_ASSOC_STG, ZX_PARTY_TAXPAYER_STG"
"FIN","235","Tax Line","116","fin/tax/import","","/oracle/apps/ess/financials/tax/report;PopulatePartnerLines","ZxPartnerTrxInterface.ctl","ZX_PTNR_TAX_LINES_INT"
"SCM","10576","Recall Notice","155","scm/RecallNotice/import","","oracle/apps/ess/scm/sch/recallManagement;ImportRecallNoticeJob","SchRecHeaders.ctl","SCH_REC_HEADERS_INT"
"SCM","10576","Recall Notice","155","scm/RecallNotice/import","","oracle/apps/ess/scm/sch/recallManagement;ImportRecallNoticeJob","SchRecLines.ctl","SCH_REC_LINES_INT"
"SCM","10576","Recall Notice","155","scm/RecallNotice/import","","oracle/apps/ess/scm/sch/recallManagement;ImportRecallNoticeJob","SchRecLots.ctl","SCH_REC_LOTS_INT"
"SCM","10576","Recall Notice","155","scm/RecallNotice/import","","oracle/apps/ess/scm/sch/recallManagement;ImportRecallNoticeJob","SchRecSerials.ctl","SCH_REC_SERIALS_INT"
"SCM","10576","Recall Notice","155","scm/RecallNotice/import","","oracle/apps/ess/scm/sch/recallManagement;ImportRecallNoticeJob","SchRecContacts.ctl","SCH_REC_CONTACTS_INT"
"SCM","10576","Recall Notice","155","scm/RecallNotice/import","","oracle/apps/ess/scm/sch/recallManagement;ImportRecallNoticeJob","SchRecBu.ctl","SCH_REC_BU_INT"
"SCM","10576","External Purchase Prices","161","prc/externalpurchaseprices/import","","oracle/apps/ess/scm/sch/externalPurchasePrice;MassImportExternalPurchasePriceJob","SchEppHeaders.ctl","SCH_EPP_HEADERS_INT"
"SCM","10576","External Purchase Prices","161","prc/externalpurchaseprices/import","","oracle/apps/ess/scm/sch/externalPurchasePrice;MassImportExternalPurchasePriceJob","SchEppLines.ctl","SCH_EPP_LINES_INT"
"FIN","10455","revenueBasisLine","54","fin/revenueManagement/import","","/oracle/apps/ess/financials/revenueManagement/shared;VRMIRBD","vrmrevenueimportcloud.ctl","VRM_SOURCE_DOCUMENTS,VRM_SOURCE_DOC_LINES,VRM_SOURCE_DOC_SUB_LINES, VRM_SOURCE_DOC_ERRORS"
"FIN","10455","receivablesInvoice","55","fin/revenueManagement/import","","/oracle/apps/ess/financials/revenueManagement/shared;VRMIBDP","vrmbillingimportcloud.ctl","VRM_BILLING_LINE_DETAILS"
"FIN","10455","EBSGL Reconciliation Data","76","fin/revenueManagement/import","","/oracle/apps/ess/financials/revenueManagement/shared;VRMIRA","vrmebizglrecon.ctl","VRM_EBIZ_GL_BALANCES"
"PSC","10560","Address Parcel Owner","141","psc/commoncomponents/import","","/oracle/apps/ess/psc/commonComponents/addressParcelOwner;ImportAddressParcelOwner","PscComParcelInt.ctl","PSC_COM_PARCEL_INT"
"PSC","10560","Address Parcel Owner","141","psc/commoncomponents/import","","/oracle/apps/ess/psc/commonComponents/addressParcelOwner;ImportAddressParcelOwner","PscComParcelOwnerInt.ctl","PSC_COM_PARCEL_OWNER_INT"
"PSC","10560","Address Parcel Owner","141","psc/commoncomponents/import","","/oracle/apps/ess/psc/commonComponents/addressParcelOwner;ImportAddressParcelOwner","PscComParcelAddressInt.ctl","PSC_COM_PARCEL_ADDRESS_INT"
"PSC","10560","Address Parcel Owner","141","psc/commoncomponents/import","","/oracle/apps/ess/psc/commonComponents/addressParcelOwner;ImportAddressParcelOwner","PscComParcelValueInt.ctl","PSC_COM_PARCEL_VALUE_INT"
"PSC","10560","Agency Staff","144","psc/commoncomponents/import","","/oracle/apps/ess/psc/commonComponents/employeeProfiles;ImportAgencyStaff","PscPersonProfile.ctl","PSC_COM_PRSN_PRFL_INT"
"PSC","10560","Agency Staff","144","psc/commoncomponents/import","","/oracle/apps/ess/psc/commonComponents/employeeProfiles;ImportAgencyStaff","PscJobFunctionAssignment.ctl","PSC_COM_JOB_ASGT_INT"
"PSC","10560","Agency Staff","144","psc/commoncomponents/import","","/oracle/apps/ess/psc/commonComponents/employeeProfiles;ImportAgencyStaff","PscPersonAccess.ctl","PSC_COM_PRSN_ACS_INT"
"FIN","10455","EBSGL Reconciliation Data","76","fin/revenueManagement/import","","/oracle/apps/ess/financials/revenueManagement/shared;VRMIRA","vrmebizglrecon.ctl","VRM_EBIZ_GL_JE_HDR_LINES"
"FIN","10455","EBSGL Reconciliation Data","76","fin/revenueManagement/import","","/oracle/apps/ess/financials/revenueManagement/shared;VRMIRA","vrmebizglrecon.ctl","VRM_EBIZ_GL_IMPORT_REFERENCES"
"FIN","200","payableInvoiceBatch","1","fin/payables/import","","/oracle/apps/ess/financials/payables/invoices/transactions;APXIIMPT","ApInvoicesInterface.ctl","AP_INVOICES_INTERFACE"
"FIN","200","payableInvoiceBatch","1","fin/payables/import","","/oracle/apps/ess/financials/payables/invoices/transactions;APXIIMPT","ApInvoiceLinesInterface.ctl","AP_INVOICE_LINES_INTERFACE, AP_INTERFACE_REJECTIONS"
"FIN","200","payableInvoiceBatch","120","fin/payables/import","","/oracle/apps/ess/financials/payables/invoices/transactions;APXPRIMPT","ApPaymentRequestsInterface.ctl","AP_PAYMENT_REQUESTS_INT, AP_INVOICES_INTERFACE, AP_INVOICE_LINES_INTERFACE, AP_INTERFACE_REJECTIONS"
"FIN","7004","Payables Collection Document","47","fin/payables/import","","/oracle/apps/ess/financials/latinLocalizations/transaction/payables/bankTransfer;ValidateAndImportColDocs","APIntCollectAll.ctl","JL_BR_AP_INT_COLLECT_ALL,JL_BR_AP_INT_COLLECT_EXT_ALL,JL_BR_AP_COLLECT_EXT_ERRORS"
"FIN","7004","Payables Bank Return","48","fin/payables/import","","/oracle/apps/ess/financials/latinLocalizations/transaction/payables/bankTransfer;ValidateAndImportBankReturns","APIntBankReturns.ctl","JL_BR_AP_INT_BANK_RETURNS"
"FIN","7004","Receivables Bank Return","49","fin/receivables/import","","/oracle/apps/ess/financials/latinLocalizations/transaction/receivables/bankTransfer;ImportBankReturns","ARBankRetInterfaceAll.ctl","JL_BR_AR_RET_INTERFACE_ALL"
"PRJ","10042","ProjectEnterpriseResource","36","prj/projectManagement/import","","/oracle/apps/ess/projects/projectManagement/resources;PjtLoadEnterpriseResourceDataJobDef","PjtEnterpriseExpenseResourcesImport.ctl","PJT_PRJ_ENT_RES_INTERFACE"
"PRJ","10042","ProjectEnterpriseResource","36","prj/projectManagement/import","","/oracle/apps/ess/projects/projectManagement/resources;PjtLoadEnterpriseResourceDataJobDef","PjtEnterpriseResourcesImport.ctl","PJT_PRJ_ENT_RES_INTERFACE"
"PRJ","10042","PjtProjectPlan","40","prj/projectManagement/import","","/oracle/apps/ess/projects/projectManagement/projectPlan;PjtLoadProjectPlanDataJobDef","PjtProjectPlanImport.ctl","PJT_PROJECT_PLAN_XFACE, PJT_ERROR_MESSAGES, PJT_MESSAGE_TOKENS"
"HED","10507","Admissions Application","145","hed/admissions/import","","/oracle/apps/ess/hed/campusCommunity/dataLoader/common;HedHeyImportHigherEducationDataEss","HedHeyImportHigherEducationData.ctl","HEY_COMMON_STAGING_INT"
"FIN","435","intercompanyTransaction","14","fin/intercompany/import","","/oracle/apps/ess/financials/commonModules/intercompanyTransactions;TransactionsImport","funtransactionsimport.ctl","FUN_INTERFACE_CONTROLS,FUN_INTERFACE_BATCHES,FUN_INTERFACE_HEADERS,FUN_INTERFACE_BATCHDISTS,FUN_INTERFACE_DIST_LINES, FUN_INTERFACE_REJECTIONS, FUN_IMPORT_ERRORS"
"PRJ","10039","Project Budget","39","prj/projectControl/import","","/oracle/apps/ess/projects/control/budgetsAndForecasts;ImportBudgetsInterfaceData","PjoPlanVersionsXface.ctl","PJO_PLAN_VERSIONS_XFACE"
"PRJ","10039","Project Forecast","78","prj/projectControl/import","","/oracle/apps/ess/projects/control/budgetsAndForecasts;ImportForecastsInterfaceData","PjoForecastsXface.ctl","PJO_PLAN_VERSIONS_XFACE"
"PRJ","10039","Project Plan","79","prj/projectControl/import","","/oracle/apps/ess/projects/control/budgetsAndForecasts;ImportProjectPlansInterfaceData","PjoProjectPlanXface.ctl","PJO_PLAN_VERSIONS_XFACE"
"PRJ","10039","Project Progress","154","prj/projectControl/import","","/oracle/apps/ess/projects/control/progress;ImportProjectProgressJob","PjoProjectProgressXface.ctl","PJO_PROJ_PROGRESS_XFACE"
"SCM","10525","Collaboration Order Forecast","125","scm/collaborationOrderForecast/import","","/oracle/apps/ess/scm/supplyCollaboration/collaboration;VcsSupplyCollaborationOrderForecastImportJob","CollaborationOrderForecastDetails.ctl","VCS_COLLAB_DETAILS_INT"
"PRC","201","Contract Purchase Agreement","22","prc/contractPurchaseAgreement/import","","/oracle/apps/ess/prc/po/pdoi;ImportCPAJob","PoGAOrgAssignInterfaceContract.ctl","PO_GA_ORG_ASSIGN_INTERFACE"
"PRC","201","Blanket Purchase Agreement","23","prc/blanketPurchaseAgreement/import","","/oracle/apps/ess/prc/po/pdoi;ImportBPAJob","PoLinesInterfaceBlanket.ctl","PO_LINES_INTERFACE"
"PRC","201","Blanket Purchase Agreement","23","prc/blanketPurchaseAgreement/import","","/oracle/apps/ess/prc/po/pdoi;ImportBPAJob","PoLineLocationsInterfaceBlanket.ctl","PO_LINE_LOCATIONS_INTERFACE"
"PRC","201","Blanket Purchase Agreement","23","prc/blanketPurchaseAgreement/import","","/oracle/apps/ess/prc/po/pdoi;ImportBPAJob","PoHeadersInterfaceBlanket.ctl","PO_HEADERS_INTERFACE"
"SCM","724","Msc Common","168","scm/planningDataLoader/import","","/oracle/apps/ess/scm/advancedPlanning/collection/configuration;CSVController","ExternalForecast.ctl","MSC_ST_DEMANDS"
"SCM","724","Msc Common","168","scm/planningDataLoader/import","","/oracle/apps/ess/scm/advancedPlanning/collection/configuration;CSVController","FiscalCalendar.ctl","MSC_ST_CALENDAR_MONTHS"
"SCM","724","Msc Common","168","scm/planningDataLoader/import","","/oracle/apps/ess/scm/advancedPlanning/collection/configuration;CSVController","InterLocationShipMethods.ctl","MSC_ST_INTERORG_SHIP_METHODS"
"SCM","724","Msc Common","168","scm/planningDataLoader/import","","/oracle/apps/ess/scm/advancedPlanning/collection/configuration;CSVController","InternalLocations.ctl","MSC_ST_LOCATIONS"
"SCM","724","Msc Common","168","scm/planningDataLoader/import","","/oracle/apps/ess/scm/advancedPlanning/collection/configuration;CSVController","InventoryHistory.ctl","MSC_ST_MEASURE_DATA"
"SCM","724","Msc Common","168","scm/planningDataLoader/import","","/oracle/apps/ess/scm/advancedPlanning/collection/configuration;CSVController","InvoicingAndAccountingRules.ctl","MSC_ST_INVOICING_ACCT_RULES"
"SCM","724","Msc Common","168","scm/planningDataLoader/import","","/oracle/apps/ess/scm/advancedPlanning/collection/configuration;CSVController","ItemCategories.ctl","MSC_ST_ITEM_CATEGORIES"
"SCM","724","Msc Common","168","scm/planningDataLoader/import","","/oracle/apps/ess/scm/advancedPlanning/collection/configuration;CSVController","ItemCost.ctl","MSC_ST_ITEMS_ADDTL_ATTRIB"
"SCM","724","Msc Common","168","scm/planningDataLoader/import","","/oracle/apps/ess/scm/advancedPlanning/collection/configuration;CSVController","Items.ctl","MSC_ST_SYSTEM_ITEMS"
"SCM","724","Msc Common","168","scm/planningDataLoader/import","","/oracle/apps/ess/scm/advancedPlanning/collection/configuration;CSVController","ItemSubstitute.ctl","MSC_ST_ITEM_SUBSTITUTES"
"SCM","724","Msc Common","168","scm/planningDataLoader/import","","/oracle/apps/ess/scm/advancedPlanning/collection/configuration;CSVController","KeyCusOptnHeader.ctl","MSC_ST_KEY_CUS_OPTN_HDR_INT"
"SCM","724","Msc Common","168","scm/planningDataLoader/import","","/oracle/apps/ess/scm/advancedPlanning/collection/configuration;CSVController","KeyCusOptnMembers.ctl","MSC_ST_KEY_CUS_OPTN_MEM_INT"
"SCM","724","Msc Common","168","scm/planningDataLoader/import","","/oracle/apps/ess/scm/advancedPlanning/collection/configuration;CSVController","Locations.ctl","MSC_ST_LOCATIONS"
"SCM","724","Msc Common","168","scm/planningDataLoader/import","","/oracle/apps/ess/scm/advancedPlanning/collection/configuration;CSVController","Measures.ctl","MSC_ST_MEASURE_DATA"
"SCM","724","Msc Common","168","scm/planningDataLoader/import","","/oracle/apps/ess/scm/advancedPlanning/collection/configuration;CSVController","ModeOfTransport.ctl","MSC_ST_SR_LOOKUP_VALUES_W"
"SCM","724","Msc Common","168","scm/planningDataLoader/import","","/oracle/apps/ess/scm/advancedPlanning/collection/configuration;CSVController","OptionBookingHistory.ctl","MSC_ST_MEASURE_DATA"
"SCM","724","Msc Common","168","scm/planningDataLoader/import","","/oracle/apps/ess/scm/advancedPlanning/collection/configuration;CSVController","OptionShipmentHistory.ctl","MSC_ST_MEASURE_DATA"
"SCM","724","Msc Common","168","scm/planningDataLoader/import","","/oracle/apps/ess/scm/advancedPlanning/collection/configuration;CSVController","OrderManagementLookUpCodes.ctl","MSC_ST_SR_LOOKUP_VALUES_W"
"SCM","724","Msc Common","168","scm/planningDataLoader/import","","/oracle/apps/ess/scm/advancedPlanning/collection/configuration;CSVController","Organizations.ctl","MSC_ST_PARAMETERS"
"SCM","724","Msc Common","168","scm/planningDataLoader/import","","/oracle/apps/ess/scm/advancedPlanning/collection/configuration;CSVController","OrganizationSite.ctl","MSC_ST_TRADING_PARTNER_SITES"
"SCM","724","Msc Common","168","scm/planningDataLoader/import","","/oracle/apps/ess/scm/advancedPlanning/collection/configuration;CSVController","PaymentTerms.ctl","MSC_ST_PAYMENT_TERMS_W"
"SCM","724","Msc Common","168","scm/planningDataLoader/import","","/oracle/apps/ess/scm/advancedPlanning/collection/configuration;CSVController","PlannedOrderSupply.ctl","MSC_ST_SUPPLIES"
"SCM","724","Msc Common","168","scm/planningDataLoader/import","","/oracle/apps/ess/scm/advancedPlanning/collection/configuration;CSVController","Planners.ctl","MSC_ST_PLANNERS"
"SCM","724","Msc Common","168","scm/planningDataLoader/import","","/oracle/apps/ess/scm/advancedPlanning/collection/configuration;CSVController","PlanningAllocationRules.ctl","MSC_ST_ALLOCATION_RULES"
"SCM","724","Msc Common","168","scm/planningDataLoader/import","","/oracle/apps/ess/scm/advancedPlanning/collection/configuration;CSVController","PriceList.ctl","MSC_ST_PRICE_LIST_DETAILS"
"SCM","724","Msc Common","135","scm/planningDataLoader/import","","/oracle/apps/ess/scm/advancedPlanning/collection/configuration;CSVController","AllocationRuleAssignments.ctl","MSC_ST_ALLOC_ASSIGNMENTS"
"SCM","724","Msc Common","135","scm/planningDataLoader/import","","/oracle/apps/ess/scm/advancedPlanning/collection/configuration;CSVController","ASLSupplierItem.ctl","MSC_ST_ITEM_SUPPLIERS"
"SCM","724","Msc Common","135","scm/planningDataLoader/import","","/oracle/apps/ess/scm/advancedPlanning/collection/configuration;CSVController","AssignmentSets.ctl","MSC_ST_ASSIGNMENT_SETS, MSC_ST_SR_ASSIGNMENTS"
"SCM","724","Msc Common","135","scm/planningDataLoader/import","","/oracle/apps/ess/scm/advancedPlanning/collection/configuration;CSVController","ATPRuleAssignments.ctl","MSC_ST_ATP_ASSIGNMENTS"
"SCM","724","Msc Common","135","scm/planningDataLoader/import","","/oracle/apps/ess/scm/advancedPlanning/collection/configuration;CSVController","ATPRules.ctl","MSC_ST_ATP_RULES"
"SCM","724","Msc Common","135","scm/planningDataLoader/import","","/oracle/apps/ess/scm/advancedPlanning/collection/configuration;CSVController","BacklogMeasure.ctl","MSC_ST_MEASURE_DATA"
"SCM","724","Msc Common","135","scm/planningDataLoader/import","","/oracle/apps/ess/scm/advancedPlanning/collection/configuration;CSVController","BillofMaterialComponents.ctl","MSC_ST_BOM_COMPONENTS"
"SCM","724","Msc Common","135","scm/planningDataLoader/import","","/oracle/apps/ess/scm/advancedPlanning/collection/configuration;CSVController","BillofMaterials.ctl","MSC_ST_BOMS"
"SCM","724","Msc Common","135","scm/planningDataLoader/import","","/oracle/apps/ess/scm/advancedPlanning/collection/configuration;CSVController","BillOfResources.ctl","MSC_ST_AGGRPLAN_BOR_INT"
"SCM","724","Msc Common","135","scm/planningDataLoader/import","","/oracle/apps/ess/scm/advancedPlanning/collection/configuration;CSVController","BOMComponentSubstitutes.ctl","MSC_ST_COMPONENT_SUBSTITUTES"
"SCM","724","Msc Common","135","scm/planningDataLoader/import","","/oracle/apps/ess/scm/advancedPlanning/collection/configuration;CSVController","BookingHistory.ctl","MSC_ST_MEASURE_DATA"
"SCM","724","Msc Common","135","scm/planningDataLoader/import","","/oracle/apps/ess/scm/advancedPlanning/collection/configuration;CSVController","CalendarAssignments.ctl","MSC_ST_CALENDAR_ASSIGNMENTS"
"SCM","724","Msc Common","135","scm/planningDataLoader/import","","/oracle/apps/ess/scm/advancedPlanning/collection/configuration;CSVController","CalendarException.ctl","MSC_ST_CALENDAR_EXCEPTIONS"
"SCM","724","Msc Common","135","scm/planningDataLoader/import","","/oracle/apps/ess/scm/advancedPlanning/collection/configuration;CSVController","CalendarPeriodStartDates.ctl","MSC_ST_PERIOD_START_DATES"
"SCM","724","Msc Common","135","scm/planningDataLoader/import","","/oracle/apps/ess/scm/advancedPlanning/collection/configuration;CSVController","Calendars.ctl","MSC_ST_CALENDARS"
"SCM","724","Msc Common","135","scm/planningDataLoader/import","","/oracle/apps/ess/scm/advancedPlanning/collection/configuration;CSVController","CalendarShifts.ctl","MSC_ST_CALENDAR_SHIFTS"
"SCM","724","Msc Common","135","scm/planningDataLoader/import","","/oracle/apps/ess/scm/advancedPlanning/collection/configuration;CSVController","CalendarWeekStartDay.ctl","MSC_ST_CAL_WEEK_START_DATES"
"SCM","724","Msc Common","135","scm/planningDataLoader/import","","/oracle/apps/ess/scm/advancedPlanning/collection/configuration;CSVController","CalendarWorkdayPatterns.ctl","MSC_ST_WORKDAY_PATTERNS"
"SCM","724","Msc Common","135","scm/planningDataLoader/import","","/oracle/apps/ess/scm/advancedPlanning/collection/configuration;CSVController","Carrier.ctl","MSC_ST_GLOBAL_TRADING_PARTNERS"
"SCM","724","Msc Common","135","scm/planningDataLoader/import","","/oracle/apps/ess/scm/advancedPlanning/collection/configuration;CSVController","CatalogCategoryAssociation.ctl","MSC_ST_CATALOG_CATEGORIES"
"SCM","724","Msc Common","135","scm/planningDataLoader/import","","/oracle/apps/ess/scm/advancedPlanning/collection/configuration;CSVController","Catalogs.ctl","MSC_ST_CATEGORY_SETS"
"SCM","724","Msc Common","135","scm/planningDataLoader/import","","/oracle/apps/ess/scm/advancedPlanning/collection/configuration;CSVController","CausalFactors.ctl","MSC_ST_MEASURE_DATA"
"SCM","724","Msc Common","135","scm/planningDataLoader/import","","/oracle/apps/ess/scm/advancedPlanning/collection/configuration;CSVController","ConsumptionHistory.ctl","MSC_ST_MEASURE_DATA"
"SCM","724","Msc Common","135","scm/planningDataLoader/import","","/oracle/apps/ess/scm/advancedPlanning/collection/configuration;CSVController","CrossReferenceData.ctl","MSC_ST_XREF_MAPPING_INT"
"SCM","724","Msc Common","135","scm/planningDataLoader/import","","/oracle/apps/ess/scm/advancedPlanning/collection/configuration;CSVController","Currencies.ctl","MSC_ST_SR_LOOKUP_VALUES_W"
"SCM","724","Msc Common","135","scm/planningDataLoader/import","","/oracle/apps/ess/scm/advancedPlanning/collection/configuration;CSVController","CurrencyConversion.ctl","MSC_ST_CURRENCY_CONVERSIONS"
"SCM","724","Msc Common","135","scm/planningDataLoader/import","","/oracle/apps/ess/scm/advancedPlanning/collection/configuration;CSVController","CurrencyConversionType.ctl","MSC_ST_CURRENCY_CONV_TYPES"
"SCM","724","Msc Common","135","scm/planningDataLoader/import","","/oracle/apps/ess/scm/advancedPlanning/collection/configuration;CSVController","Customers.ctl","MSC_ST_GLOBAL_TRADING_PARTNERS"
"SCM","724","Msc Common","135","scm/planningDataLoader/import","","/oracle/apps/ess/scm/advancedPlanning/collection/configuration;CSVController","CustomerSite.ctl","MSC_ST_TRADING_PARTNER_SITES"
"SCM","724","Msc Common","135","scm/planningDataLoader/import","","/oracle/apps/ess/scm/advancedPlanning/collection/configuration;CSVController","User-DefinedHierarchyDetail.ctl","MSC_ST_CSTMHRCHY_DTL_INT"
"SCM","724","Msc Common","135","scm/planningDataLoader/import","","/oracle/apps/ess/scm/advancedPlanning/collection/configuration;CSVController","User-DefinedHierarchyMaster.ctl","MSC_ST_CSTMHRCHY_INT"
"SCM","724","Msc Common","135","scm/planningDataLoader/import","","/oracle/apps/ess/scm/advancedPlanning/collection/configuration;CSVController","DemandClass.ctl","MSC_ST_SR_LOOKUP_VALUES_W"
"SCM","724","Msc Common","135","scm/planningDataLoader/import","","/oracle/apps/ess/scm/advancedPlanning/collection/configuration;CSVController","DocumentCategories.ctl","MSC_ST_DOCUMENT_CATEGORIES_W"
"SCM","724","Msc Common","135","scm/planningDataLoader/import","","/oracle/apps/ess/scm/advancedPlanning/collection/configuration;CSVController","DPForecasts.ctl","MSC_ST_MEASURE_DATA"
"SCM","724","Msc Common","135","scm/planningDataLoader/import","","/oracle/apps/ess/scm/advancedPlanning/collection/configuration;CSVController","ExternalForecast.ctl","MSC_ST_DEMANDS"
"SCM","724","Msc Common","135","scm/planningDataLoader/import","","/oracle/apps/ess/scm/advancedPlanning/collection/configuration;CSVController","FiscalCalendar.ctl","MSC_ST_CALENDAR_MONTHS"
"SCM","724","Msc Common","135","scm/planningDataLoader/import","","/oracle/apps/ess/scm/advancedPlanning/collection/configuration;CSVController","InterLocationShipMethods.ctl","MSC_ST_INTERORG_SHIP_METHODS"
"SCM","724","Msc Common","135","scm/planningDataLoader/import","","/oracle/apps/ess/scm/advancedPlanning/collection/configuration;CSVController","InternalLocations.ctl","MSC_ST_LOCATIONS"
"SCM","724","Msc Common","135","scm/planningDataLoader/import","","/oracle/apps/ess/scm/advancedPlanning/collection/configuration;CSVController","InventoryHistory.ctl","MSC_ST_MEASURE_DATA"
"SCM","724","Msc Common","135","scm/planningDataLoader/import","","/oracle/apps/ess/scm/advancedPlanning/collection/configuration;CSVController","InvoicingAndAccountingRules.ctl","MSC_ST_INVOICING_ACCT_RULES"
"SCM","724","Msc Common","135","scm/planningDataLoader/import","","/oracle/apps/ess/scm/advancedPlanning/collection/configuration;CSVController","ItemCategories.ctl","MSC_ST_ITEM_CATEGORIES"
"SCM","724","Msc Common","135","scm/planningDataLoader/import","","/oracle/apps/ess/scm/advancedPlanning/collection/configuration;CSVController","ItemCost.ctl","MSC_ST_ITEMS_ADDTL_ATTRIB"
"SCM","724","Msc Common","135","scm/planningDataLoader/import","","/oracle/apps/ess/scm/advancedPlanning/collection/configuration;CSVController","Items.ctl","MSC_ST_SYSTEM_ITEMS"
"SCM","724","Msc Common","135","scm/planningDataLoader/import","","/oracle/apps/ess/scm/advancedPlanning/collection/configuration;CSVController","ItemSubstitute.ctl","MSC_ST_ITEM_SUBSTITUTES"
"SCM","724","Msc Common","135","scm/planningDataLoader/import","","/oracle/apps/ess/scm/advancedPlanning/collection/configuration;CSVController","KeyCusOptnHeader.ctl","MSC_ST_KEY_CUS_OPTN_HDR_INT"
"SCM","724","Msc Common","135","scm/planningDataLoader/import","","/oracle/apps/ess/scm/advancedPlanning/collection/configuration;CSVController","KeyCusOptnMembers.ctl","MSC_ST_KEY_CUS_OPTN_MEM_INT"
"SCM","724","Msc Common","135","scm/planningDataLoader/import","","/oracle/apps/ess/scm/advancedPlanning/collection/configuration;CSVController","Locations.ctl","MSC_ST_LOCATIONS"
"SCM","724","Msc Common","135","scm/planningDataLoader/import","","/oracle/apps/ess/scm/advancedPlanning/collection/configuration;CSVController","Measures.ctl","MSC_ST_MEASURE_DATA"
"SCM","724","Msc Common","135","scm/planningDataLoader/import","","/oracle/apps/ess/scm/advancedPlanning/collection/configuration;CSVController","ModeOfTransport.ctl","MSC_ST_SR_LOOKUP_VALUES_W"
"SCM","724","Msc Common","135","scm/planningDataLoader/import","","/oracle/apps/ess/scm/advancedPlanning/collection/configuration;CSVController","OptionBookingHistory.ctl","MSC_ST_MEASURE_DATA"
"SCM","724","Msc Common","135","scm/planningDataLoader/import","","/oracle/apps/ess/scm/advancedPlanning/collection/configuration;CSVController","OptionShipmentHistory.ctl","MSC_ST_MEASURE_DATA"
"SCM","724","Msc Common","135","scm/planningDataLoader/import","","/oracle/apps/ess/scm/advancedPlanning/collection/configuration;CSVController","OrderManagementLookUpCodes.ctl","MSC_ST_SR_LOOKUP_VALUES_W"
"SCM","724","Msc Common","135","scm/planningDataLoader/import","","/oracle/apps/ess/scm/advancedPlanning/collection/configuration;CSVController","Organizations.ctl","MSC_ST_PARAMETERS"
"SCM","724","Msc Common","135","scm/planningDataLoader/import","","/oracle/apps/ess/scm/advancedPlanning/collection/configuration;CSVController","OrganizationSite.ctl","MSC_ST_TRADING_PARTNER_SITES"
"SCM","724","Msc Common","135","scm/planningDataLoader/import","","/oracle/apps/ess/scm/advancedPlanning/collection/configuration;CSVController","PaymentTerms.ctl","MSC_ST_PAYMENT_TERMS_W"
"SCM","724","Msc Common","135","scm/planningDataLoader/import","","/oracle/apps/ess/scm/advancedPlanning/collection/configuration;CSVController","PlannedOrderSupply.ctl","MSC_ST_SUPPLIES"
"SCM","724","Msc Common","135","scm/planningDataLoader/import","","/oracle/apps/ess/scm/advancedPlanning/collection/configuration;CSVController","Planners.ctl","MSC_ST_PLANNERS"
"SCM","724","Msc Common","135","scm/planningDataLoader/import","","/oracle/apps/ess/scm/advancedPlanning/collection/configuration;CSVController","PlanningAllocationRules.ctl","MSC_ST_ALLOCATION_RULES"
"SCM","724","Msc Common","135","scm/planningDataLoader/import","","/oracle/apps/ess/scm/advancedPlanning/collection/configuration;CSVController","PriceList.ctl","MSC_ST_PRICE_LIST_DETAILS"
"SCM","724","Msc Common","135","scm/planningDataLoader/import","","/oracle/apps/ess/scm/advancedPlanning/collection/configuration;CSVController","ProductionHistory.ctl","MSC_ST_MEASURE_DATA"
"SCM","724","Msc Common","135","scm/planningDataLoader/import","","/oracle/apps/ess/scm/advancedPlanning/collection/configuration;CSVController","PurchaseOrderRequisition.ctl","MSC_ST_SUPPLIES"
"SCM","724","Msc Common","135","scm/planningDataLoader/import","","/oracle/apps/ess/scm/advancedPlanning/collection/configuration;CSVController","RealTimeSupplyUpdates.ctl","MSC_ST_SUP_UPDATE_ASSIGNMENTS"
"SCM","724","Msc Common","135","scm/planningDataLoader/import","","/oracle/apps/ess/scm/advancedPlanning/collection/configuration;CSVController","ReceiptMethods.ctl","MSC_ST_RECEIPT_METHODS"
"SCM","724","Msc Common","135","scm/planningDataLoader/import","","/oracle/apps/ess/scm/advancedPlanning/collection/configuration;CSVController","Regions.ctl","MSC_ST_REGIONS"
"SCM","724","Msc Common","135","scm/planningDataLoader/import","","/oracle/apps/ess/scm/advancedPlanning/collection/configuration;CSVController","RegionZoneMapping.ctl","MSC_ST_ZONE_REGIONS"
"SCM","724","Msc Common","135","scm/planningDataLoader/import","","/oracle/apps/ess/scm/advancedPlanning/collection/configuration;CSVController","Reservation.ctl","MSC_ST_RESERVATIONS"
"SCM","724","Msc Common","168","scm/planningDataLoader/import","","/oracle/apps/ess/scm/advancedPlanning/collection/configuration;CSVController","ItemPolicyOverrides.ctl","MSC_ST_INV_PA_OVERRIDES_INT"
"SCM","724","Msc Common","168","scm/planningDataLoader/import","","/oracle/apps/ess/scm/advancedPlanning/collection/configuration;CSVController","MovementRequests.ctl","MSC_ST_SUPPLIES"
"SCM","724","Msc Common","168","scm/planningDataLoader/import","","/oracle/apps/ess/scm/advancedPlanning/collection/configuration;CSVController","ItemSubinventories.ctl","MSC_ST_ITEM_SUBINVENTORIES_INT"
"SCM","724","Msc Common","168","scm/planningDataLoader/import","","/oracle/apps/ess/scm/advancedPlanning/collection/configuration;CSVController","Regions.ctl","MSC_ST_REGIONS"
"SCM","724","Msc Common","168","scm/planningDataLoader/import","","/oracle/apps/ess/scm/advancedPlanning/collection/configuration;CSVController","RegionZoneMapping.ctl","MSC_ST_ZONE_REGIONS"
"SCM","724","Msc Common","168","scm/planningDataLoader/import","","/oracle/apps/ess/scm/advancedPlanning/collection/configuration;CSVController","Reservation.ctl","MSC_ST_RESERVATIONS"
"SCM","724","Msc Common","168","scm/planningDataLoader/import","","/oracle/apps/ess/scm/advancedPlanning/collection/configuration;CSVController","ResourceAvailability.ctl","MSC_ST_NET_RESOURCE_AVAIL"
"SCM","724","Msc Common","168","scm/planningDataLoader/import","","/oracle/apps/ess/scm/advancedPlanning/collection/configuration;CSVController","ResourceShifts.ctl","MSC_ST_RESOURCE_SHIFTS"
"SCM","724","Msc Common","168","scm/planningDataLoader/import","","/oracle/apps/ess/scm/advancedPlanning/collection/configuration;CSVController","RoutingOperationResources.ctl","MSC_ST_OPERATION_RESOURCES"
"SCM","724","Msc Common","168","scm/planningDataLoader/import","","/oracle/apps/ess/scm/advancedPlanning/collection/configuration;CSVController","RoutingOperations.ctl","MSC_ST_ROUTING_OPERATIONS"
"SCM","724","Msc Common","168","scm/planningDataLoader/import","","/oracle/apps/ess/scm/advancedPlanning/collection/configuration;CSVController","Routings.ctl","MSC_ST_ROUTINGS"
"SCM","724","Msc Common","168","scm/planningDataLoader/import","","/oracle/apps/ess/scm/advancedPlanning/collection/configuration;CSVController","SafetyStockLevel.ctl","MSC_ST_SAFETY_STOCKS"
"SCM","724","Msc Common","168","scm/planningDataLoader/import","","/oracle/apps/ess/scm/advancedPlanning/collection/configuration;CSVController","SalesCreditType.ctl","MSC_ST_SALES_CREDIT_TYPES"
"SCM","724","Msc Common","168","scm/planningDataLoader/import","","/oracle/apps/ess/scm/advancedPlanning/collection/configuration;CSVController","SalesOrder.ctl","MSC_ST_DEMANDS"
"SCM","724","Msc Common","168","scm/planningDataLoader/import","","/oracle/apps/ess/scm/advancedPlanning/collection/configuration;CSVController","ServiceLevel.ctl","MSC_ST_SR_LOOKUP_VALUES_W"
"SCM","724","Msc Common","168","scm/planningDataLoader/import","","/oracle/apps/ess/scm/advancedPlanning/collection/configuration;CSVController","ShipmentHistory.ctl","MSC_ST_MEASURE_DATA"
"SCM","724","Msc Common","168","scm/planningDataLoader/import","","/oracle/apps/ess/scm/advancedPlanning/collection/configuration;CSVController","SourcingRules.ctl","MSC_ST_SOURCING_RULES, MSC_ST_SR_SOURCE_ORG, MSC_ST_SR_RECEIPT_ORG"
"SCM","724","Msc Common","168","scm/planningDataLoader/import","","/oracle/apps/ess/scm/advancedPlanning/collection/configuration;CSVController","SubInventory.ctl","MSC_ST_SUB_INVENTORIES"
"SCM","724","Msc Common","168","scm/planningDataLoader/import","","/oracle/apps/ess/scm/advancedPlanning/collection/configuration;CSVController","SupplierCapacity.ctl","MSC_ST_SUPPLIER_CAPACITIES"
"SCM","724","Msc Common","168","scm/planningDataLoader/import","","/oracle/apps/ess/scm/advancedPlanning/collection/configuration;CSVController","Suppliers.ctl","MSC_ST_GLOBAL_TRADING_PARTNERS"
"SCM","724","Msc Common","168","scm/planningDataLoader/import","","/oracle/apps/ess/scm/advancedPlanning/collection/configuration;CSVController","SupplierSite.ctl","MSC_ST_TRADING_PARTNER_SITES"
"SCM","724","Msc Common","168","scm/planningDataLoader/import","","/oracle/apps/ess/scm/advancedPlanning/collection/configuration;CSVController","SupplyOnhand.ctl","MSC_ST_SUPPLIES"
"SCM","724","Msc Common","168","scm/planningDataLoader/import","","/oracle/apps/ess/scm/advancedPlanning/collection/configuration;CSVController","TransferOrder.ctl","MSC_ST_SUPPLIES"
"SCM","724","Msc Common","168","scm/planningDataLoader/import","","/oracle/apps/ess/scm/advancedPlanning/collection/configuration;CSVController","UOMClassConversion.ctl","MSC_ST_UOM_CLASS_CONVERSIONS"
"SCM","724","Msc Common","168","scm/planningDataLoader/import","","/oracle/apps/ess/scm/advancedPlanning/collection/configuration;CSVController","UOMConversion.ctl","MSC_ST_UOM_CONVERSIONS"
"SCM","724","Msc Common","168","scm/planningDataLoader/import","","/oracle/apps/ess/scm/advancedPlanning/collection/configuration;CSVController","UOMS.ctl","MSC_ST_UNITS_OF_MEASURE"
"SCM","724","Msc Common","168","scm/planningDataLoader/import","","/oracle/apps/ess/scm/advancedPlanning/collection/configuration;CSVController","WIPComponentDemands.ctl","MSC_ST_DEMANDS"
"SCM","724","Msc Common","168","scm/planningDataLoader/import","","/oracle/apps/ess/scm/advancedPlanning/collection/configuration;CSVController","WIPOperationResource.ctl","MSC_ST_RESOURCE_REQUIREMENTS"
"SCM","724","Msc Common","168","scm/planningDataLoader/import","","/oracle/apps/ess/scm/advancedPlanning/collection/configuration;CSVController","WorkCenterResources.ctl","MSC_ST_DEPARTMENT_RESOURCES"
"SCM","724","Msc Common","168","scm/planningDataLoader/import","","/oracle/apps/ess/scm/advancedPlanning/collection/configuration;CSVController","WorkOrderSupplies.ctl","MSC_ST_SUPPLIES"
"SCM","724","Msc Common","168","scm/planningDataLoader/import","","/oracle/apps/ess/scm/advancedPlanning/collection/configuration;CSVController","Zones.ctl","MSC_ST_REGIONS"
"SCM","724","Msc Common","168","scm/planningDataLoader/import","","/oracle/apps/ess/scm/advancedPlanning/collection/configuration;CSVController","ScpErpIntegrationServiceParams.ctl","MSC_ST_ERP_INTG_PARAMS_INT"
"SCM","10531","Maintenance Asset","107","scm/maintenanceAsset/import","Import Maintenance Assets","/oracle/apps/ess/scm/maintenanceManagement/assets/import;ImportMaintenanceAssetsJob","MntInterfaceBatches.ctl","CSE_INT_BATCHES_B,CSE_INT_BATCHES_TL"
"SCM","10531","Maintenance Asset","107","scm/maintenanceAsset/import","Import Maintenance Assets","/oracle/apps/ess/scm/maintenanceManagement/assets/import;ImportMaintenanceAssetsJob","MntAssets.ctl","CSE_ASSETS_INT"
"SCM","10531","Maintenance Asset","107","scm/maintenanceAsset/import","Import Maintenance Assets","/oracle/apps/ess/scm/maintenanceManagement/assets/import;ImportMaintenanceAssetsJob","MntAssetPartsList.ctl","CSE_PARTS_LIST_COMPONENTS_INT"
"SCM","10531","Maintenance Work Order","110","scm/maintenanceWorkOrder/import","Import Maintenance Work Orders","/oracle/apps/ess/scm/maintenanceManagement/workOrders/import;ImportMaintenanceWorkOrdersJob","MntWoBatches.ctl","WIE_INT_BATCHES_B,WIE_INT_BATCHES_TL"
"SCM","10531","Maintenance Work Order","110","scm/maintenanceWorkOrder/import","Import Maintenance Work Orders","/oracle/apps/ess/scm/maintenanceManagement/workOrders/import;ImportMaintenanceWorkOrdersJob","MntWoHeaders.ctl","WIE_WORK_ORDERS_INT"
"SCM","10531","Maintenance Work Order","110","scm/maintenanceWorkOrder/import","Import Maintenance Work Orders","/oracle/apps/ess/scm/maintenanceManagement/workOrders/import;ImportMaintenanceWorkOrdersJob","MntWoAssets.ctl","WIE_WORK_ORDER_DETAILS_INT"
"SCM","10531","Maintenance Work Order","110","scm/maintenanceWorkOrder/import","Import Maintenance Work Orders","/oracle/apps/ess/scm/maintenanceManagement/workOrders/import;ImportMaintenanceWorkOrdersJob","MntWoOperations.ctl","WIE_WORK_ORDER_DETAILS_INT"
"SCM","10531","Maintenance Work Order","110","scm/maintenanceWorkOrder/import","Import Maintenance Work Orders","/oracle/apps/ess/scm/maintenanceManagement/workOrders/import;ImportMaintenanceWorkOrdersJob","MntWoOperationResources.ctl","WIE_WORK_ORDER_DETAILS_INT"
"SCM","10531","Maintenance Work Order","110","scm/maintenanceWorkOrder/import","Import Maintenance Work Orders","/oracle/apps/ess/scm/maintenanceManagement/workOrders/import;ImportMaintenanceWorkOrdersJob","MntWoOperationMaterials.ctl","WIE_WORK_ORDER_DETAILS_INT"
"SCM","10531","Maintenance Work Order","110","scm/maintenanceWorkOrder/import","Import Maintenance Work Orders","/oracle/apps/ess/scm/maintenanceManagement/workOrders/import;ImportMaintenanceWorkOrdersJob","MntWoResourceInstances.ctl","WIE_WORK_ORDER_DETAILS_INT"
"SCM","10531","Maintenance Work Definition","140","scm/maintenanceWorkDefinition/import","Import Maintenance Work Definitions","oracle/apps/ess/scm/maintenanceManagement/workDefinitions/import;ImportMaintenanceWorkDefinitionsJob","MntWdBatches.ctl","WIE_INT_BATCHES_B,WIE_INT_BATCHES_TL"
"SCM","10531","Maintenance Work Definition","140","scm/maintenanceWorkDefinition/import","Import Maintenance Work Definitions","oracle/apps/ess/scm/maintenanceManagement/workDefinitions/import;ImportMaintenanceWorkDefinitionsJob","MntWdHeaders.ctl","WIS_WORK_DEFINITIONS_INT"
"SCM","10531","Maintenance Work Definition","140","scm/maintenanceWorkDefinition/import","Import Maintenance Work Definitions","oracle/apps/ess/scm/maintenanceManagement/workDefinitions/import;ImportMaintenanceWorkDefinitionsJob","MntWdOperations.ctl","WIS_WD_DETAILS_INT"
"SCM","10531","Maintenance Work Definition","140","scm/maintenanceWorkDefinition/import","Import Maintenance Work Definitions","oracle/apps/ess/scm/maintenanceManagement/workDefinitions/import;ImportMaintenanceWorkDefinitionsJob","MntWdOperationMaterials.ctl","WIS_WD_DETAILS_INT"
"SCM","10531","Maintenance Work Definition","140","scm/maintenanceWorkDefinition/import","Import Maintenance Work Definitions","oracle/apps/ess/scm/maintenanceManagement/workDefinitions/import;ImportMaintenanceWorkDefinitionsJob","MntWdOperationResources.ctl","WIS_WD_DETAILS_INT"
"SCM","10531","Maintenance Program","169","scm/maintenanceProgram/import","Import Maintenance Programs","oracle/apps/ess/scm/maintenanceManagement/maintProgram/import;ImportMaintenanceProgramsJob","MntProgramBatches.ctl","CSE_INT_BATCHES_B,CSE_INT_BATCHES_TL"
"SCM","10531","Maintenance Program","169","scm/maintenanceProgram/import","Import Maintenance Programs","oracle/apps/ess/scm/maintenanceManagement/maintProgram/import;ImportMaintenanceProgramsJob","MntPrograms.ctl","MNT_PROGRAMS_INT"
"SCM","10531","Maintenance Program","169","scm/maintenanceProgram/import","Import Maintenance Programs","oracle/apps/ess/scm/maintenanceManagement/maintProgram/import;ImportMaintenanceProgramsJob","MntSchedulePatterns.ctl","MNT_SCHEDULE_PATTERNS_INT"
"SCM","10531","Maintenance Program","169","scm/maintenanceProgram/import","Import Maintenance Programs","oracle/apps/ess/scm/maintenanceManagement/maintProgram/import;ImportMaintenanceProgramsJob","MntWorkRequirements.ctl","MNT_WORK_REQUIREMENTS_INT"
"SCM","10531","Maintenance Program","169","scm/maintenanceProgram/import","Import Maintenance Programs","oracle/apps/ess/scm/maintenanceManagement/maintProgram/import;ImportMaintenanceProgramsJob","MntWorkReqMeters.ctl","MNT_WR_METERS_INT"
"SCM","10531","Maintenance Program","169","scm/maintenanceProgram/import","Import Maintenance Programs","oracle/apps/ess/scm/maintenanceManagement/maintProgram/import;ImportMaintenanceProgramsJob","MntWorkReqWorkDefs.ctl","MNT_WR_WORK_DEFINITIONS_INT"
"SCM","10531","Maintenance Program","169","scm/maintenanceProgram/import","Import Maintenance Programs","oracle/apps/ess/scm/maintenanceManagement/maintProgram/import;ImportMaintenanceProgramsJob","MntWorkReqCondEvents.ctl","MNT_WR_CONDITION_EVENTS_INT"
"SCM","10531","Maintenance Program","169","scm/maintenanceProgram/import","Import Maintenance Programs","oracle/apps/ess/scm/maintenanceManagement/maintProgram/import;ImportMaintenanceProgramsJob","MntWorkReqAffectedAssets.ctl","MNT_WR_AFFECTED_ASSETS_INT"
"FIN","260","bankStatement","5","fin/cashManagement/import","/oracle/apps/ess/financials/cashManagement/bankStatements;BAI2BankStatements","/oracle/apps/ess/financials/cashManagement/bankStatements;BAI2BankStatements","","CE_STMT_IMPORT_ERRORS, CE_STATEMENT_HEADERS_INT, CE_STATEMENT_LINES_INT, CE_STMT_BALANCES_INT, CE_STMT_BAL_AVALBTY_INT, CE_STMT_LINE_AVALBTY_INT, CE_STMT_HDR_TOT_AVBTY_INT, CE_STMT_LINE_DETAILS_INT, CE_STMT_HDR_TOTALS_INT, CE_STMT_LINE_CHARGES_INT, CE_STMT_LINE_BATCHES_INT"
"FIN","260","bankStatement","6","fin/cashManagement/import","/oracle/apps/ess/financials/cashManagement/bankStatements;SWIFT940BankStatements","/oracle/apps/ess/financials/cashManagement/bankStatements;SWIFT940BankStatements","","CE_STMT_IMPORT_ERRORS, CE_STATEMENT_HEADERS_INT, CE_STATEMENT_LINES_INT, CE_STMT_BALANCES_INT, CE_STMT_BAL_AVALBTY_INT, CE_STMT_LINE_AVALBTY_INT, CE_STMT_HDR_TOT_AVBTY_INT, CE_STMT_LINE_DETAILS_INT, CE_STMT_HDR_TOTALS_INT, CE_STMT_LINE_CHARGES_INT, CE_STMT_LINE_BATCHES_INT"
"FIN","260","bankStatement","7","fin/cashManagement/import","/oracle/apps/ess/financials/cashManagement/bankStatements;EDIFACTBankStatements","/oracle/apps/ess/financials/cashManagement/bankStatements;EDIFACTBankStatements","","CE_STMT_IMPORT_ERRORS, CE_STATEMENT_HEADERS_INT, CE_STATEMENT_LINES_INT, CE_STMT_BALANCES_INT, CE_STMT_BAL_AVALBTY_INT, CE_STMT_LINE_AVALBTY_INT, CE_STMT_HDR_TOT_AVBTY_INT, CE_STMT_LINE_DETAILS_INT, CE_STMT_HDR_TOTALS_INT, CE_STMT_LINE_CHARGES_INT, CE_STMT_LINE_BATCHES_INT"
"FIN","260","bankStatement","8","fin/cashManagement/import","/oracle/apps/ess/financials/cashManagement/bankStatements;ISO20022BankStatements","/oracle/apps/ess/financials/cashManagement/bankStatements;ISO20022BankStatements","","CE_STMT_IMPORT_ERRORS, CE_STATEMENT_HEADERS_INT, CE_STATEMENT_LINES_INT, CE_STMT_BALANCES_INT, CE_STMT_BAL_AVALBTY_INT, CE_STMT_LINE_AVALBTY_INT, CE_STMT_HDR_TOT_AVBTY_INT, CE_STMT_LINE_DETAILS_INT, CE_STMT_HDR_TOTALS_INT, CE_STMT_LINE_CHARGES_INT, CE_STMT_LINE_BATCHES_INT"
"FIN","260","bankStatement","50","fin/cashManagement/import","","/oracle/apps/ess/financials/cashManagement/bankStatements;ImportExternalTransactions","CeExternalTransactions.ctl","CE_EXT_TRX_INTERFACE"
"FIN","140","fixedAsset","82","fin/assets/import","","/oracle/apps/ess/financials/assets/shared;FACOMP","FaInventoryInt.ctl","FA_INVENTORY_INT"
"FIN","140","fixedAsset","112","fin/assets/import","","/oracle/apps/ess/financials/assets/tracking/leases;ImportAssetLeases","FaLeasesINT.ctl","FA_LEASES_INT, FA_INTERFACE_MAPS"
"FIN","140","fixedAsset","112","fin/assets/import","","/oracle/apps/ess/financials/assets/tracking/leases;ImportAssetLeases","FaLeaseBooksINT.ctl","FA_LEASE_BOOKS_INT"
"FIN","140","fixedAsset","112","fin/assets/import","","/oracle/apps/ess/financials/assets/tracking/leases;ImportAssetLeases","FaLeaseSchINT.ctl","FA_LEASE_SCH_INT"
"FIN","140","fixedAsset","112","fin/assets/import","","/oracle/apps/ess/financials/assets/tracking/leases;ImportAssetLeases","FaLeaseScheduleItemsINT.ctl","FA_LEASE_SCHEDULE_ITEMS_INT"
"FIN","140","fixedAsset","114","fin/assets/import","","/oracle/apps/ess/financials/assets/tracking/massTransfers;PostMassUpdateDescDetails","FaDescriptiveDetailsINT.ctl","FA_DESCRIPTIVE_DETAILS_INT"
"FIN","140","fixedAsset","174","fin/assets/import","","/oracle/apps/ess/financials/assets/shared;FARCUPG","FaMcConversionRatesInt.ctl","FA_MC_CONVERSION_RATES_INT"
"SCM","10011","item","29","scm/item/import","","/oracle/apps/ess/scm/productModel/items;ItemImportJobDef","EgpItemRevisionsInterface.ctl","EGP_ITEM_REVISIONS_INTERFACE"
"SCM","10011","item","29","scm/item/import","","/oracle/apps/ess/scm/productModel/items;ItemImportJobDef","EgpItemCategoriesInterface.ctl","EGP_ITEM_CATEGORIES_INTERFACE"
"SCM","10011","item","29","scm/item/import","","/oracle/apps/ess/scm/productModel/items;ItemImportJobDef","EgpItemRelationshipsIntf.ctl","EGP_ITEM_RELATIONSHIPS_INTF"
"SCM","10011","item","29","scm/item/import","","/oracle/apps/ess/scm/productModel/items;ItemImportJobDef","EgoItemAssociationsIntf.ctl","EGO_ITEM_ASSOCIATIONS_INTF"
"SCM","10011","item","29","scm/item/import","","/oracle/apps/ess/scm/productModel/items;ItemImportJobDef","EgpTradingPartnerItemsIntf.ctl","EGP_TRADING_PARTNER_ITEMS_INTF"
"SCM","10011","item","29","scm/item/import","","/oracle/apps/ess/scm/productModel/items;ItemImportJobDef","EgoItemIntfEffb.ctl","EGO_ITEM_INTF_EFF_B"
"SCM","10011","item","29","scm/item/import","","/oracle/apps/ess/scm/productModel/items;ItemImportJobDef","EgoItemIntfEfftl.ctl","EGO_ITEM_INTF_EFF_TL"
"SCM","10011","item","29","scm/item/import","","/oracle/apps/ess/scm/productModel/items;ItemImportJobDef","EgoItemRevisionIntfEffb.ctl","EGO_ITEM_REVISION_INTF_EFF_B"
"SCM","10011","item","29","scm/item/import","","/oracle/apps/ess/scm/productModel/items;ItemImportJobDef","EgoItemRevisionIntfEfftl.ctl","EGO_ITEM_REVISION_INTF_EFF_TL"
"SCM","10011","item","29","scm/item/import","","/oracle/apps/ess/scm/productModel/items;ItemImportJobDef","EgoItemSupplierIntfEffb.ctl","EGO_ITEM_SUPPLIER_INTF_EFF_B"
"SCM","10011","item","29","scm/item/import","","/oracle/apps/ess/scm/productModel/items;ItemImportJobDef","EgoItemSupplierIntfEfftl.ctl","EGO_ITEM_SUPPLIER_INTF_EFF_TL"
"SCM","10011","item","29","scm/item/import","","/oracle/apps/ess/scm/productModel/items;ItemImportJobDef","EgoStyleVariantAttrvsIntf.ctl","EGO_STYLE_VARIANT_ATTR_VS_INTF"
"SCM","10011","item","29","scm/item/import","","/oracle/apps/ess/scm/productModel/items;ItemImportJobDef","EgpComponentsInterface.ctl","EGP_COMPONENTS_INTERFACE"
"SCM","10011","item","29","scm/item/import","","/oracle/apps/ess/scm/productModel/items;ItemImportJobDef","EgpSubCompsInterface.ctl","EGP_SUB_COMPS_INTERFACE"
"SCM","10011","item","29","scm/item/import","","/oracle/apps/ess/scm/productModel/items;ItemImportJobDef","EgpRefDesgsInterface.ctl","EGP_REF_DESGS_INTERFACE"
"SCM","10011","item","29","scm/item/import","","/oracle/apps/ess/scm/productModel/items;ItemImportJobDef","EgpSystemItemsInterface.ctl","EGP_SYSTEM_ITEMS_INTERFACE, EGP_SYSTEM_ITEMS_TL_INTF, EGP_IMPORT_ERRORS, EGP_IMPORT_BULKLOAD_RECS,EGP_IMPORT_JOB_THREADS,EGP_ITEM_IMPORT_STATS"
"SCM","10011","item","29","scm/item/import","","/oracle/apps/ess/scm/productModel/items;ItemImportJobDef","EgpStructuresInterface.ctl","EGP_STRUCTURES_INTERFACE"
"SCM","10011","item","29","scm/item/import","","/oracle/apps/ess/scm/productModel/items;ItemImportJobDef","EgpItemAttachmentsIntf.ctl","EGP_ITEM_ATTACHMENTS_INTF"
"SCM","10011","item","29","scm/item/import","","/oracle/apps/ess/scm/productModel/items;ItemImportJobDef","EgpMpnSpnRelLinkageInt.ctl","EGP_MPN_SPN_REL_LINKAGE_INT"
"SCM","10011","item","29","scm/item/import","","/oracle/apps/ess/scm/productModel/items;ItemImportJobDef","AcaItemCostInt.ctl","ACA_PD_ITEM_COST_INT"
"SCM","10011","item","29","scm/item/import","","/oracle/apps/ess/scm/productModel/items;ItemImportJobDef","EgpItemOrgAssociationsIntf.ctl","EGP_SYSTEM_ITEMS_INTERFACE"
"SCM","10011","Catalogs","137","scm/item/import","","/oracle/apps/ess/scm/productModel/items;CatalogImportJobDef","EgpCategorySetsInterface.ctl","EGP_CATEGORY_SETS_INT"
"SCM","10011","Catalogs","137","scm/item/import","","/oracle/apps/ess/scm/productModel/items;CatalogImportJobDef","EgpCategorySetsTlInterface.ctl","EGP_CATEGORY_SETS_TL_INT"
"SCM","10011","Catalogs","137","scm/item/import","","/oracle/apps/ess/scm/productModel/items;CatalogImportJobDef","EgpCategoriesInterface.ctl","EGP_CATEGORIES_INT"
"SCM","10008","Source Sales Order","72","scm/sourceSalesOrder/import","","/oracle/apps/ess/scm/doo/decomposition/receiveTransform/receiveSalesOrder;ImportOrdersJob","DooOrderPaymentsInt.ctl","DOO_ORDER_PAYMENTS_INT"
"SCM","10008","Source Sales Order","72","scm/sourceSalesOrder/import","","/oracle/apps/ess/scm/doo/decomposition/receiveTransform/receiveSalesOrder;ImportOrdersJob","DooOrderLotSerialsInt.ctl","DOO_ORDER_LOT_SERIALS_INT"
"SCM","10008","Source Sales Order","72","scm/sourceSalesOrder/import","","/oracle/apps/ess/scm/doo/decomposition/receiveTransform/receiveSalesOrder;ImportOrdersJob","DooOrderDocReferencesInt.ctl","DOO_ORDER_DOC_REFERENCES_INT"
"SCM","10008","Source Sales Order","72","scm/sourceSalesOrder/import","","/oracle/apps/ess/scm/doo/decomposition/receiveTransform/receiveSalesOrder;ImportOrdersJob","DooOrderAddressesInt.ctl","DOO_ORDER_ADDRESSES_INT"
"SCM","10008","Source Sales Order","72","scm/sourceSalesOrder/import","","/oracle/apps/ess/scm/doo/decomposition/receiveTransform/receiveSalesOrder;ImportOrdersJob","DooOrderChargesInt.ctl","DOO_ORDER_CHARGES_INT"
"SCM","10008","Source Sales Order","72","scm/sourceSalesOrder/import","","/oracle/apps/ess/scm/doo/decomposition/receiveTransform/receiveSalesOrder;ImportOrdersJob","DooOrderChargeCompsInt.ctl","DOO_ORDER_CHARGE_COMPS_INT"
"PRJ","8402","Grants Sponsor","121","prj/grantsManagement/import","","/oracle/apps/ess/projects/grantsManagement/setup;ImportSponsorsJob","GmsSponsorReferencesInterface.ctl","GMS_SPONSOR_REFERENCES_INT"
"PRJ","8402","Grants Sponsor","121","prj/grantsManagement/import","","/oracle/apps/ess/projects/grantsManagement/setup;ImportSponsorsJob","GmsInternalFundingSrcInterface.ctl","GMS_INTERNAL_FUND_SRC_INT"
"PRJ","8402","Grants Sponsor","121","prj/grantsManagement/import","","/oracle/apps/ess/projects/grantsManagement/setup;ImportSponsorsJob","GmsSponsorAcctDetailsInterface.ctl","GMS_SPONSOR_ACCT_DETAILS_INT"
"PRJ","8402","Grants Keyword","122","prj/grantsManagement/import","","/oracle/apps/ess/projects/grantsManagement/setup;ImportKeywordsJob","GmsKeywordInterface.ctl","GMS_KEYWORDS_INT"
"PRJ","8402","Grants Personnel","123","prj/grantsManagement/import","","/oracle/apps/ess/projects/grantsManagement/setup;ImportGrantsPersonnelJob","GmsPersonnelInterface.ctl","GMS_PERSONNEL_INT"
"PRJ","8402","Grants Personnel","123","prj/grantsManagement/import","","/oracle/apps/ess/projects/grantsManagement/setup;ImportGrantsPersonnelJob","GmsPersonnelKeywordsInterface.ctl","GMS_PERSONNEL_KEYWORDS_INT"
"FIN","260","bankStatement","91","fin/cashManagement/import","","/oracle/apps/ess/financials/cashManagement/cashPosition/integration;CashPositionDataTransfer","CeCpBankStmtLineInterface.ctl","CE_CP_STMT_LINES_INT"
"FIN","260","bankStatement","91","fin/cashManagement/import","","/oracle/apps/ess/financials/cashManagement/cashPosition/integration;CashPositionDataTransfer","CeCpSysTrxInterface.ctl","CE_CP_SYS_TRX_INT"
"FIN","260","bankStatement","117","fin/cashManagement/import","","/oracle/apps/ess/financials/cashManagement/bankStatements;ImportBankStatements","CeBankStmtHeaderInterface.ctl","CE_STMT_IMPORT_ERRORS, CE_STATEMENT_HEADERS_INT"
"FIN","260","bankStatement","117","fin/cashManagement/import","","/oracle/apps/ess/financials/cashManagement/bankStatements;ImportBankStatements","CeBankStmtBalanceInterface.ctl","CE_STMT_BALANCES_INT"
"FIN","260","bankStatement","117","fin/cashManagement/import","","/oracle/apps/ess/financials/cashManagement/bankStatements;ImportBankStatements","CeBankStmtBalAvailInterface.ctl","CE_STMT_BAL_AVALBTY_INT"
"FIN","260","bankStatement","117","fin/cashManagement/import","","/oracle/apps/ess/financials/cashManagement/bankStatements;ImportBankStatements","CeBankStmtLineInterface.ctl","CE_STATEMENT_LINES_INT"
"FIN","260","bankStatement","117","fin/cashManagement/import","","/oracle/apps/ess/financials/cashManagement/bankStatements;ImportBankStatements","CeBankStmtLineAvailInterface.ctl","CE_STMT_LINE_AVALBTY_INT"
"FIN","260","bankStatement","117","fin/cashManagement/import","","/oracle/apps/ess/financials/cashManagement/bankStatements;ImportBankStatements","CeBankStmtLineChargesInterface.ctl","CE_STMT_LINE_CHARGES_INT"
"FIN","260","bankStatement","166","fin/cashManagement/import","","/oracle/apps/ess/financials/cashManagement/bankStatements;AutoReconciliation","CeBankStmtReconImport.ctl","CE_EXTERNAL_RECON_INT"
"SCM","873","Product Genealogy","126","scm/productGenealogy/import","Import Product Genealogy","/oracle/apps/ess/scm/assetTracking/productGenealogy/import;ImportProductGenealogyJob","CseProdGenIntBatches.ctl","CSE_INT_BATCHES_B,CSE_INT_BATCHES_TL"
"SCM","873","Product Genealogy","126","scm/productGenealogy/import","Import Product Genealogy","/oracle/apps/ess/scm/assetTracking/productGenealogy/import;ImportProductGenealogyJob","CseProdGenInstances.ctl","CSE_ASSETS_INT"
"SCM","873","Installed Base Asset","147","scm/installedBaseAsset/import","Import Installed Base Assets","oracle/apps/ess/scm/assetTracking/assetCore/import;ImportInstalledBaseAssetsJob","CseAssetBatches.ctl","CSE_INT_BATCHES_B,CSE_INT_BATCHES_TL"
"SCM","873","Installed Base Asset","147","scm/installedBaseAsset/import","Import Installed Base Assets","oracle/apps/ess/scm/assetTracking/assetCore/import;ImportInstalledBaseAssetsJob","CseAssets.ctl","CSE_ASSETS_INT"
"SCM","873","Installed Base Asset","147","scm/installedBaseAsset/import","Import Installed Base Assets","oracle/apps/ess/scm/assetTracking/assetCore/import;ImportInstalledBaseAssetsJob","CseAssetPartsList.ctl","CSE_PARTS_LIST_COMPONENTS_INT"
"SCM","873","Installed Base Asset","147","scm/installedBaseAsset/import","Import Installed Base Assets","oracle/apps/ess/scm/assetTracking/assetCore/import;ImportInstalledBaseAssetsJob","CseAssetCharges.ctl","CSE_ASSET_CHARGES_INT"
"SCM","873","Installed Base Asset","147","scm/installedBaseAsset/import","Import Installed Base Assets","oracle/apps/ess/scm/assetTracking/assetCore/import;ImportInstalledBaseAssetsJob","CseDocReferences.ctl","CSE_DOC_REFERENCES_INT"
"SCM","873","Installed Base Asset","147","scm/installedBaseAsset/import","Import Installed Base Assets","oracle/apps/ess/scm/assetTracking/assetCore/import;ImportInstalledBaseAssetsJob","CseAssetGroups.ctl","CSE_GROUP_MEMBERS_INT"
"SCM","873","Meter Reading","163","scm/meterReading/import","Import Meter Readings","oracle/apps/ess/scm/assetTracking/meterReadings/import;ImportMeterReadingsJob","CseMeterReadingBatches.ctl","CSE_INT_BATCHES_B,CSE_INT_BATCHES_TL"
"SCM","873","Meter Reading","163","scm/meterReading/import","Import Meter Readings","oracle/apps/ess/scm/assetTracking/meterReadings/import;ImportMeterReadingsJob","CseMeterReadings.ctl","CSE_METER_READINGS_INT"
"SCM","873","Supplier Warranty Coverage","173","scm/supplierWarrantyCoverage/import","Import Supplier Warranty Coverages","oracle/apps/ess/scm/assetTracking/supplierWarranty/import;ImportWarrantyCoverageJob","CseCoverageBatches.ctl","CSE_INT_BATCHES_B,CSE_INT_BATCHES_TL"
"SCM","873","Supplier Warranty Coverage","173","scm/supplierWarrantyCoverage/import","Import Supplier Warranty Coverages","oracle/apps/ess/scm/assetTracking/supplierWarranty/import;ImportWarrantyCoverageJob","CseCoverages.ctl","CSE_W_COVERAGES_INT"
"SCM","873","Supplier Warranty Coverage","173","scm/supplierWarrantyCoverage/import","Import Supplier Warranty Coverages","oracle/apps/ess/scm/assetTracking/supplierWarranty/import;ImportWarrantyCoverageJob","CseCoverageItems.ctl","CSE_W_COVERAGE_ITEMS_INT"
"SCM","873","Supplier Warranty Coverage","173","scm/supplierWarrantyCoverage/import","Import Supplier Warranty Coverages","oracle/apps/ess/scm/assetTracking/supplierWarranty/import;ImportWarrantyCoverageJob","CseCoverageMeters.ctl","CSE_W_COVERAGE_METERS_INT"
"SCM","873","Supplier Warranty Coverage","173","scm/supplierWarrantyCoverage/import","Import Supplier Warranty Coverages","oracle/apps/ess/scm/assetTracking/supplierWarranty/import;ImportWarrantyCoverageJob","CseCoverageTxnCodes.ctl","CSE_W_COVERAGE_TXN_CODES_INT"
"SCM","10010","Change Order","119","scm/changeOrder/import","","/oracle/apps/ess/scm/productCatalogManagement/changeObjects;ChangeOrderImportJobDef","CoEgpSystemItemsInterface.ctl","EGP_SYSTEM_ITEMS_INTERFACE"
"SCM","10010","Change Order","119","scm/changeOrder/import","","/oracle/apps/ess/scm/productCatalogManagement/changeObjects;ChangeOrderImportJobDef","CoEgpItemRevisionsInterface.ctl","EGP_ITEM_REVISIONS_INTERFACE"
"SCM","10010","Change Order","119","scm/changeOrder/import","","/oracle/apps/ess/scm/productCatalogManagement/changeObjects;ChangeOrderImportJobDef","CoEgoItemIntfEffb.ctl","EGO_ITEM_INTF_EFF_B"
"SCM","10010","Change Order","119","scm/changeOrder/import","","/oracle/apps/ess/scm/productCatalogManagement/changeObjects;ChangeOrderImportJobDef","CoEgoItemIntfEfftl.ctl","EGO_ITEM_INTF_EFF_TL"
"SCM","10010","Change Order","119","scm/changeOrder/import","","/oracle/apps/ess/scm/productCatalogManagement/changeObjects;ChangeOrderImportJobDef","CoEgpItemAttachmentsIntf.ctl","EGP_ITEM_ATTACHMENTS_INTF"
"SCM","10010","Change Order","119","scm/changeOrder/import","","/oracle/apps/ess/scm/productCatalogManagement/changeObjects;ChangeOrderImportJobDef","CoEgpItemRelationshipsIntf.ctl","EGP_ITEM_RELATIONSHIPS_INTF"
"SCM","10010","Change Order","119","scm/changeOrder/import","","/oracle/apps/ess/scm/productCatalogManagement/changeObjects;ChangeOrderImportJobDef","CoEgpStructuresInterface.ctl","EGP_STRUCTURES_INTERFACE"
"SCM","10010","Change Order","119","scm/changeOrder/import","","/oracle/apps/ess/scm/productCatalogManagement/changeObjects;ChangeOrderImportJobDef","CoEgpComponentsInterface.ctl","EGP_COMPONENTS_INTERFACE"
"SCM","10010","Change Order","119","scm/changeOrder/import","","/oracle/apps/ess/scm/productCatalogManagement/changeObjects;ChangeOrderImportJobDef","CoEgpSubCompsInterface.ctl","EGP_SUB_COMPS_INTERFACE"
"SCM","10010","Change Order","119","scm/changeOrder/import","","/oracle/apps/ess/scm/productCatalogManagement/changeObjects;ChangeOrderImportJobDef","CoEgpRefDesgsInterface.ctl","EGP_REF_DESGS_INTERFACE"
"SCM","10010","Change Order","119","scm/changeOrder/import","","/oracle/apps/ess/scm/productCatalogManagement/changeObjects;ChangeOrderImportJobDef","CoAcaRelationshipsInterface.ctl","ACA_RELATIONSHIPS_INT"
"SCM","401","Inventory Reservation","31","scm/inventoryReservation/import","","/oracle/apps/ess/scm/inventory/materialTransactions/txnManager;ReservationsMgr","InvReservationsInterface.ctl","INV_RESERVATIONS_INTERFACE"
"SCM","401","Inventory Transaction","33","scm/inventoryTransaction/import","","/oracle/apps/ess/scm/inventory/materialTransactions/txnManager;SingleTMEssJob","InvTransactionLotsInterface.ctl","INV_TRANSACTION_LOTS_INTERFACE"
"SCM","401","Inventory Transaction","33","scm/inventoryTransaction/import","","/oracle/apps/ess/scm/inventory/materialTransactions/txnManager;SingleTMEssJob","InvSerialNumbersInterface.ctl","INV_SERIAL_NUMBERS_INTERFACE"
"FIN","101","journal","15","fin/generalLedger/import","","/oracle/apps/ess/financials/generalLedger/programs/common;JournalImportLauncher","GlInterface.ctl","GL_INTERFACE"
"FIN","101","chartOfAccounts","16","fin/generalLedger/import","","/oracle/apps/ess/financials/generalLedger/programs/masterData;LoadSegValAndHierData","GlSegmentValuesInterface.ctl","GL_SEGMENT_VALUES_INTERFACE"
"FIN","101","chartOfAccounts","16","fin/generalLedger/import","","/oracle/apps/ess/financials/generalLedger/programs/masterData;LoadSegValAndHierData","GlSegmentHierInterface.ctl","GL_SEGMENT_HIER_INTERFACE"
"FIN","101","generalLedgerBudgetBalance","17","fin/budgetBalance/import","","/oracle/apps/ess/financials/generalLedger/ledgers/ledgerDefinitions;ValidateAndLoadBudgets","GlBudgetInterface.ctl","GL_BUDGET_INTERFACE"
"FIN","101","dailyRates","71","fin/generalLedger/import","","/oracle/apps/ess/financials/generalLedger/programs/common;DailyRatesImport","GlDailyRatesInterface.ctl","GL_DAILY_RATES_INTERFACE"
"FIN","101","CoaMappings","118","fin/generalLedger/import","","/oracle/apps/ess/financials/generalLedger/programs/common;ImportCoaMappingRollupRules","GlCoaMapRollupRulesInterface.ctl","GL_COA_MAP_ROLLUP_RULES_INT"
"FIN","101","CoaMappings","118","fin/generalLedger/import","","/oracle/apps/ess/financials/generalLedger/programs/common;ImportCoaMappingRollupRules","GlCoaMapSegmentRulesInterface.ctl","GL_COA_MAP_SEGMENT_RULES_INT"
"FIN","101","CoaMappings","118","fin/generalLedger/import","","/oracle/apps/ess/financials/generalLedger/programs/common;ImportCoaMappingRollupRules","GlCoaMapSegRollupRulesInterface.ctl","GL_COA_MAP_ROLLUP_RULES_INT"
"FIN","101","General Ledger Account Combination","134","fin/generalLedger/import","","/oracle/apps/ess/financials/generalLedger/programs/common;GlImportBulkAccountCombination","GlAccountCombinationsInterface.ctl","GL_BULK_COMBINATIONS_INT"
"FIN","101","General Ledger Account Combination","156","fin/generalLedger/import","","/oracle/apps/ess/financials/generalLedger/programs/common;ImportChartofAccountsValidationRules","GlCvCombinationsInt.ctl","GL_PACS_COMBINATIONS_INT"
"FIN","101","General Ledger Account Combination","156","fin/generalLedger/import","","/oracle/apps/ess/financials/generalLedger/programs/common;ImportChartofAccountsValidationRules","GlCrossValidationRulesInt.ctl","GL_CROSS_VALIDATION_RULES_INT"
"FIN","101","Historical Conversion Rate","164","fin/generalLedger/import","","/oracle/apps/ess/financials/generalLedger/programs/common;AssignHistoricalRates","GlHistoricalRatesInterface.ctl","GL_HISTORICAL_RATES_INT"
"PRC","10044","Supplier","24","prc/supplier/import","","/oracle/apps/ess/prc/poz/supplierImport;ImportSuppliers","PozSuppliersInt.ctl","POZ_SUPPLIERS_INT"
"PRC","10044","Supplier Site","25","prc/supplier/import","","/oracle/apps/ess/prc/poz/supplierImport;ImportSupplierSites","PozSupThirdPartyInt.ctl","POZ_SUP_THIRDPARTY_INT"
"PRC","10044","Supplier Site","25","prc/supplier/import","","/oracle/apps/ess/prc/poz/supplierImport;ImportSupplierSites","PozSupplierSitesInt.ctl","POZ_SUPPLIER_SITES_INT"
"PRC","10044","Supplier Contact","26","prc/supplier/import","","/oracle/apps/ess/prc/poz/supplierImport;ImportSupplierContacts","PozSupContactsInt.ctl","POZ_SUP_CONTACTS_INT"
"PRC","10044","Supplier Contact","26","prc/supplier/import","","/oracle/apps/ess/prc/poz/supplierImport;ImportSupplierContacts","PozSupContactAddressesInt.ctl","POZ_SUP_CONTACT_ADDRESSES_INT"
"SCM","10500","Source Sales Order","127","scm/sourceSalesOrder/import","","/oracle/apps/ess/scm/fom/importOrders/hvop;HighVolumeImportSalesOrdersJob","DooHvopOrderBillingPlansInt.ctl","DOO_ORDER_BILLING_PLANS_INT"
"SCM","10500","Source Sales Order","127","scm/sourceSalesOrder/import","","/oracle/apps/ess/scm/fom/importOrders/hvop;HighVolumeImportSalesOrdersJob","DooHvopOrderManualPriceAdjInt.ctl","DOO_ORDER_MANUAL_PRICE_ADJ_INT"
"SCM","10500","Source Sales Order","127","scm/sourceSalesOrder/import","","/oracle/apps/ess/scm/fom/importOrders/hvop;HighVolumeImportSalesOrdersJob","DooHvopOrderHdrsAllEffBInt.ctl","DOO_ORDER_HDRS_ALL_EFF_B_INT"
"SCM","10500","Source Sales Order","127","scm/sourceSalesOrder/import","","/oracle/apps/ess/scm/fom/importOrders/hvop;HighVolumeImportSalesOrdersJob","DooHvopOrderLinesAllEffBInt.ctl","DOO_ORDER_LINES_ALL_EFF_B_INT"
"SCM","10121","Concept","85","scm/productConcept/import","","/oracle/apps/ess/scm/productConceptDesign;AcdConceptImportJobDef","AcdConceptsInt.ctl","ACD_CONCEPT_INT"
"SCM","10121","Proposal","86","scm/productProposal/import","","/oracle/apps/ess/scm/productConceptDesign;AcdProposalImportJobDef","AcdProposalInt.ctl","ACD_PROPOSAL_INT"
"SCM","10121","Proposal","86","scm/productProposal/import","","/oracle/apps/ess/scm/productConceptDesign;AcdProposalImportJobDef","AcdProposalCostInt.ctl","ACD_COSTS_INT"
"SCM","10121","Proposal","86","scm/productProposal/import","","/oracle/apps/ess/scm/productConceptDesign;AcdProposalImportJobDef","AcdProposalResInt.ctl","ACD_RESOURCE_INT"
"SCM","10121","Proposal","86","scm/productProposal/import","","/oracle/apps/ess/scm/productConceptDesign;AcdProposalImportJobDef","AcdProposalRevInt.ctl","ACD_REVENUE_INT"
"SCM","10121","Proposal","86","scm/productProposal/import","","/oracle/apps/ess/scm/productConceptDesign;AcdProposalImportJobDef","AcdProposalPortfolioRelInt.ctl","ACD_PORTFOLIO_REL_INT"
"SCM","10121","Proposal Cost","87","scm/productProposal/import","","/oracle/apps/ess/scm/productConceptDesign;AcdProCostImportJobDef","AcdProposalCostInt.ctl","ACD_COSTS_INT"
"SCM","10121","Proposal Resource","88","scm/productProposal/import","","/oracle/apps/ess/scm/productConceptDesign;AcdProResImportJobDef","AcdProposalResInt.ctl","ACD_RESOURCE_INT"
"SCM","10121","Proposal Revenue","89","scm/productProposal/import","","/oracle/apps/ess/scm/productConceptDesign;AcdProRevImportJobDef","AcdProposalRevInt.ctl","ACD_REVENUE_INT"
"PRJ","10036","projectUnprocessedExpenditureItem","20","prj/projectCosting/import","","/oracle/apps/ess/projects/costing/transactions/onestop;ImportProcessParallelEssJob","PjcTxnXfaceStageAll.ctl","PJC_TXN_XFACE_STAGE_ALL"
"PRJ","10036","projectExpenditureItem","45","prj/projectFoundation/import","","/oracle/apps/ess/projects/costing/setup;ImportTransactionControlsJob","PjcTxnControlsStage.ctl","PJC_TXN_CONTROLS_STAGE"
"PRJ","10036","projectAssets","139","prj/projectCosting/import","","/oracle/apps/ess/projects/costing/capitalization;ImportAssetProcessingJob","PjcAssetInterface.ctl","PJC_ASSET_INT, PJC_ASSET_ERRORS_INT"
"PRJ","10036","projectAssets","139","prj/projectCosting/import","","/oracle/apps/ess/projects/costing/capitalization;ImportAssetProcessingJob","PjcAssetAssignInterface.ctl","PJC_ASSET_ASSIGN_INT"
"PRJ","10036","Project Labor Distributions","149","prj/projectCosting/import","","/oracle/apps/ess/projects/costing/laborDistributions;ImportPayrollCostsJob","PjcPayrollCostsInterface.ctl","PJC_LABOR_DISTRIBUTION_INT"
"PRJ","10036","Project Setup Labor Distributions","151","prj/projectCosting/import","","/oracle/apps/ess/projects/costing/setup/laborDistributions;ImportAssignmentLaborSchedulesJob","PjcLaborScheduleInterface.ctl","PJC_LABOR_SCHEDULE_INT"
"PRJ","10036","Project Assets","157","prj/projectCosting/import","","/oracle/apps/ess/projects/costing/capitalization;ImportUnassignedAssetLinesJob","PjcAssetLinesInterface.ctl","PJC_ASSET_LINES_INT,  PJC_ASSET_ERRORS_INT"
"FIN","235","taxRate","19","fin/tax/import","","/oracle/apps/ess/financials/tax/report;LaunchTaxConfigContentUpload","ZxDataUploadInterface.ctl","ZX_DATA_UPLOAD_INTERFACE, ZX_DATA_UPLOAD_DISCARD"
"SCM","10493","Work Order","63","scm/workOrder/import","","/oracle/apps/ess/scm/commonWorkExecution/massImport/workOrders;ImportWorkOrdersJob","WieProcessWoExecutionRuns.ctl","WIE_WORK_ORDER_DETAILS_INT"
"SCM","667","Price List","150","scm/priceLists/import","","/oracle/apps/ess/scm/pricing/pricingAdmin/priceLists;QpPriceListsNewImportJob","QpRatePlansInterface.ctl","QP_RATE_PLANS_INT"
"SCM","10494","Work Definition","133","scm/workDefinition/import","","/oracle/apps/ess/scm/commonWorkSetup/workDefinitions/massImport;ImportWorkDefinitionJob","WisWdOperationDependenciesInt.ctl","WIS_WD_DETAILS_INT"
"SCM","724","Msc Common","168","scm/planningDataLoader/import","","/oracle/apps/ess/scm/advancedPlanning/collection/configuration;CSVController","RoutingVersions.ctl","MSC_ST_ROUTING_VERSIONS_INT"
"SCM","10494","Work Definition","133","scm/workDefinition/import","","/oracle/apps/ess/scm/commonWorkSetup/workDefinitions/massImport;ImportWorkDefinitionJob","WisProcWdOpDependenciesInt.ctl","WIS_WD_DETAILS_INT"
"SCM","708","Configurator Model","179","scm/configuratorRule/import","","/oracle/apps/ess/scm/configurator/modeling/rules/conversion;RuleConversion","CzRwConversionRulesInt.ctl","CZ_RW_CONVERSION_RULES_INT"
"SCM","724","Msc Common","135","scm/planningDataLoader/import","","/oracle/apps/ess/scm/advancedPlanning/collection/configuration;CSVController","RoutingVersions.ctl","MSC_ST_ROUTING_VERSIONS_INT"
"SCM","10493","Work Order","63","scm/workOrder/import","","/oracle/apps/ess/scm/commonWorkExecution/massImport/workOrders;ImportWorkOrdersJob","WieWoExecutionRuns.ctl","WIE_WORK_ORDER_DETAILS_INT"
"PRC","10044","Supplier Site Assignment","27","prc/supplier/import","","/oracle/apps/ess/prc/poz/supplierImport;ImportSupplierSiteAssignments","PozSiteAssignmentsInt.ctl","POZ_SITE_ASSIGNMENTS_INT"
"PRC","10044","Supplier Products and Services Category","52","prc/supplier/import","","/oracle/apps/ess/prc/poz/supplierImport;ImportSupplierProductsandServicesCategory","PozSupProdServInt.ctl","POZ_SUP_PROD_SERV_INT"
"PRC","10044","Supplier Business Classifications","53","prc/supplier/import","","/oracle/apps/ess/prc/poz/supplierImport;ImportSupplierBusinessClassifications","PozSupBusClassInt.ctl","POZ_SUP_BUS_CLASS_INT"
"PRC","10044","Supplier Address","56","prc/supplier/import","","/oracle/apps/ess/prc/poz/supplierImport;ImportSupplierAddresses","PozSupAddressesInt.ctl","POZ_SUP_ADDRESSES_INT"
"PRC","10044","Supplier Attachment","115","prc/supplier/import","","/oracle/apps/ess/prc/poz/supplierImport;ImportSupplierAttachments","PozSupAttachmentsInt.ctl","POZ_SUP_ATTACHMENTS_INT"
"PRC","10044","Supplier Attachment","115","prc/supplier/import","","/oracle/apps/ess/prc/poz/supplierImport;ImportSupplierAttachments","PozSupSiteAttachmentsInt.ctl","POZ_SUP_ATTACHMENTS_INT"
"PRC","10044","Supplier Attachment","115","prc/supplier/import","","/oracle/apps/ess/prc/poz/supplierImport;ImportSupplierAttachments","PozSupBusClassAttachmentsInt.ctl","POZ_SUP_ATTACHMENTS_INT"
"SCM","401","Inventory Transaction","33","scm/inventoryTransaction/import","","/oracle/apps/ess/scm/inventory/materialTransactions/txnManager;SingleTMEssJob","CstTransCostInterface.ctl","CST_I_INCOMING_TXN_COSTS"
"SCM","401","Inventory Transaction","33","scm/inventoryTransaction/import","","/oracle/apps/ess/scm/inventory/materialTransactions/txnManager;SingleTMEssJob","InvTransactionsInterface.ctl","INV_TRANSACTIONS_INTERFACE"
"SCM","401","Cycle Count","35","scm/cycleCount/import","","/oracle/apps/ess/scm/inventory/counting/desktopCycleCountInterface;InvCcIntrfRecordsProcessJob","InvCcEntriesInterface.ctl","INV_CC_ENTRIES_INTERFACE"
"SCM","401","Inventory Balance","106","scm/inventoryBalance/import","","/oracle/apps/ess/scm/inventory/materialAvailability/onhandBalances;InvOnhandBalProcessJob","InvOnHandBalInterface.ctl","INV_BALANCE_TXNS_INT"
"SCM","401","Inventory Balance","106","scm/inventoryBalance/import","","/oracle/apps/ess/scm/inventory/materialAvailability/onhandBalances;InvOnhandBalProcessJob","InvOnHandBalLotInterface.ctl","INV_BALANCE_TXNS_LOT_INT"
"SCM","401","Inventory Balance","106","scm/inventoryBalance/import","","/oracle/apps/ess/scm/inventory/materialAvailability/onhandBalances;InvOnhandBalProcessJob","InvOnHandBalSerialInterface.ctl","INV_BALANCE_TXNS_SERIAL_INT"
"SCM","401","Interfaced Pick Transactions","172","scm/interfacedPickTransactions/import","","/oracle/apps/ess/scm/inventory/picking/pickConfirm;InvPickTxnsProcessJob","InvPickConfirmInterface.ctl","INV_PERFORM_PICK_TXNS_INT"
"SCM","10494","Work Definition","133","scm/workDefinition/import","","/oracle/apps/ess/scm/commonWorkSetup/workDefinitions/massImport;ImportWorkDefinitionJob","WisWdBatches.ctl","WIE_INT_BATCHES_B,WIE_INT_BATCHES_TL"
"SCM","10494","Work Definition","133","scm/workDefinition/import","","/oracle/apps/ess/scm/commonWorkSetup/workDefinitions/massImport;ImportWorkDefinitionJob","WisWorkDefinitionsInt.ctl","WIS_WORK_DEFINITIONS_INT"
"SCM","10494","Work Definition","133","scm/workDefinition/import","","/oracle/apps/ess/scm/commonWorkSetup/workDefinitions/massImport;ImportWorkDefinitionJob","WisWdOperationsInt.ctl","WIS_WD_DETAILS_INT"
"SCM","10494","Work Definition","133","scm/workDefinition/import","","/oracle/apps/ess/scm/commonWorkSetup/workDefinitions/massImport;ImportWorkDefinitionJob","WisWdOperationMaterialsInt.ctl","WIS_WD_DETAILS_INT"
"SCM","10494","Work Definition","133","scm/workDefinition/import","","/oracle/apps/ess/scm/commonWorkSetup/workDefinitions/massImport;ImportWorkDefinitionJob","WisWdOperationATOMaterialsInt.ctl","WIS_WD_DETAILS_INT"
"SCM","10494","Work Definition","133","scm/workDefinition/import","","/oracle/apps/ess/scm/commonWorkSetup/workDefinitions/massImport;ImportWorkDefinitionJob","WisWdOperationResourcesInt.ctl","WIS_WD_DETAILS_INT"
"PRC","10071","Requisition","28","prc/requisition/import","","/oracle/apps/ess/prc/por/createReq/reqImport;RequisitionImportJob","PorReqHeadersInterfaceAll.ctl","POR_REQ_HEADERS_INTERFACE_ALL"
"PRJ","10041","exceptions","158","prj/projectFoundation/import","","oracle/apps/ess/projects/performanceReporting/trackAndManage;PjsImportProjectKPIJobDef","PjsPerfObjectRulesInt.ctl","PJS_PERF_OBJECT_RULES_INT"
"FIN","8901","BeTransactionImport","132","fin/federal/import","","/oracle/apps/ess/financials/federal/budgetExecution/integration/beImport;ImportBeTransactions","FvBeInterfaceControl.ctl","FV_BE_TRANSACTION_INT_CONTROL"
"FIN","8901","BeTransactionImport","132","fin/federal/import","","/oracle/apps/ess/financials/federal/budgetExecution/integration/beImport;ImportBeTransactions","FvBeInterface.ctl","FV_BE_TRANSACTIONS_INT"
"FIN","8901","fedSAMTradingPartnerDetails","167","fin/federal/import","","/oracle/apps/ess/financials/federal/payments/transactions/samRegistrations;ImportSAMTradingPartnerDetails","FvLoadSamTradingPartnerInterface.ctl","fv_sam_trading_partner_int"
"FIN","8901","fedIPACTransactionData","176","fin/federal/import","","/oracle/apps/ess/financials/federal/payments;ImportIPACTransactionInformation","FvLoadIPACTransactionDataInterface.ctl","fv_ipac_transaction_data_int"
"SCM","707","Standard Cost","34","scm/standardCost/import","","/oracle/apps/ess/scm/costing/standardCosts/stdCostInterface;cstStdCostInterfaceJob","CstStdCostHeadersInterface.ctl","CST_INTERFACE_STD_COST_HEADERS"
"SCM","707","Standard Cost","34","scm/standardCost/import","","/oracle/apps/ess/scm/costing/standardCosts/stdCostInterface;cstStdCostInterfaceJob","CstStdCostDetailsInterface.ctl","CST_INTERFACE_STD_COST_DETAILS"
"SCM","707","Revenue Lines Import","138","scm/cstCogs/import","","/oracle/apps/ess/scm/costing/costAccounting/runControl;CstCostProcess","CstArRevenueLinesInterface.ctl","CST_I_AR_REVENUE_LINES"
"FIN","7002","Netting Agreement","143","fin/payables/import","","/oracle/apps/ess/financials/europeanLocalizations/netting;ImportNettingAgreements","JeNetAgreementsInt.ctl","JE_NET_AGREEMENTS_INT"
"FIN","7002","Withholding Tax Registrations and Exemptions","152","fin/tax/import","","/oracle/apps/ess/financials/europeanLocalizations/financialReporting;JeIsraelShaamProcessFile","SHAAM.ctl","JG_REPORTING_TRANSACTION_T"
"FIN","7002","Withholding Tax Registrations and Exemptions","152","fin/tax/import","","/oracle/apps/ess/financials/europeanLocalizations/financialReporting;JeIsraelShaamProcessFile","SHAAMERROR.ctl","JG_REPORTING_TRANSACTION_T"
"PRJ","10035","Project Billing Event","68","prj/projectBilling/import","","/oracle/apps/ess/projects/billing/transactions;ImportBillingEventJob","PjbBillingEventsXface.ctl","PJB_BILLING_EVENTS_INT"
"PRJ","10035","Project Contract Bill Transactions","178","prj/projectBilling/import","","/oracle/apps/ess/projects/billing/transactions;ImportProjectContractBillTransactionsJob","PjbBillTransactionsXface.ctl","PJB_BILL_TRX_INT"
"SCM","10049","Receiving Receipt","32","scm/receivingReceipt/import","","/oracle/apps/ess/scm/receiving/receiptsInterface/transactions/processor;RcvTxnProcessorJob","RcvTransactionsInterface.ctl","RCV_TRANSACTIONS_INTERFACE"
"SCM","10049","Receiving Receipt","32","scm/receivingReceipt/import","","/oracle/apps/ess/scm/receiving/receiptsInterface/transactions/processor;RcvTxnProcessorJob","RcvLotsInterface.ctl","INV_TRANSACTION_LOTS_INTERFACE"
"SCM","10049","Receiving Receipt","32","scm/receivingReceipt/import","","/oracle/apps/ess/scm/receiving/receiptsInterface/transactions/processor;RcvTxnProcessorJob","RcvSerialNumbersInterface.ctl","INV_SERIAL_NUMBERS_INTERFACE"
"SCM","10049","Receiving Receipt","32","scm/receivingReceipt/import","","/oracle/apps/ess/scm/receiving/receiptsInterface/transactions/processor;RcvTxnProcessorJob","RcvLpnInterface.ctl","INV_LPN_INTERFACE"
"SCM","10049","Receiving Receipt","32","scm/receivingReceipt/import","","/oracle/apps/ess/scm/receiving/receiptsInterface/transactions/processor;RcvTxnProcessorJob","RcvHeadersInterface.ctl","RCV_HEADERS_INTERFACE"
"FIN","7000","chinaGoldenTaxTransaction","37","fin/receivables/import","","/oracle/apps/ess/financials/apacLocalizations/transaction/goldenTax;VatInvoiceImportForCloud","JaInvoicesImport.ctl","JA_CN_TRXIMP_RPT"
"FIN","7000","Tax Line","128","fin/tax/import","","/oracle/apps/ess/financials/apacLocalizations/financialReports;IndiaGSTInboundReport","JaGSTInboundInterface.ctl","JG_REPORTING_TRANSACTION_T"
"FIN","7000","Tax Line","128","fin/tax/import","","/oracle/apps/ess/financials/apacLocalizations/financialReports;IndiaGSTInboundReport","JaGSTIRNInboundReference.ctl","JG_TAX_INVOICE_REFERENCES"
"SCM","10500","Source Sales Order","127","scm/sourceSalesOrder/import","","/oracle/apps/ess/scm/fom/importOrders/hvop;HighVolumeImportSalesOrdersJob","DooHvopOrderHeadersAllInt.ctl","DOO_ORDER_HEADERS_ALL_INT"
"SCM","10500","Source Sales Order","127","scm/sourceSalesOrder/import","","/oracle/apps/ess/scm/fom/importOrders/hvop;HighVolumeImportSalesOrdersJob","DooHvopOrderLinesAllInt.ctl","DOO_ORDER_LINES_ALL_INT"
"SCM","10500","Source Sales Order","127","scm/sourceSalesOrder/import","","/oracle/apps/ess/scm/fom/importOrders/hvop;HighVolumeImportSalesOrdersJob","DooHvopOrderTxnAttributesInt.ctl","DOO_ORDER_TXN_ATTRIBUTES_INT"
"SCM","10500","Source Sales Order","127","scm/sourceSalesOrder/import","","/oracle/apps/ess/scm/fom/importOrders/hvop;HighVolumeImportSalesOrdersJob","DooHvopOrderSalesCreditsInt.ctl","DOO_ORDER_SALES_CREDITS_INT"
"SCM","10500","Source Sales Order","127","scm/sourceSalesOrder/import","","/oracle/apps/ess/scm/fom/importOrders/hvop;HighVolumeImportSalesOrdersJob","DooHvopOrderPaymentsInt.ctl","DOO_ORDER_PAYMENTS_INT"
"SCM","10500","Source Sales Order","127","scm/sourceSalesOrder/import","","/oracle/apps/ess/scm/fom/importOrders/hvop;HighVolumeImportSalesOrdersJob","DooHvopOrderLotSerialsInt.ctl","DOO_ORDER_LOT_SERIALS_INT"
"SCM","10500","Source Sales Order","127","scm/sourceSalesOrder/import","","/oracle/apps/ess/scm/fom/importOrders/hvop;HighVolumeImportSalesOrdersJob","DooHvopOrderDocReferencesInt.ctl","DOO_ORDER_DOC_REFERENCES_INT"
"SCM","10500","Source Sales Order","127","scm/sourceSalesOrder/import","","/oracle/apps/ess/scm/fom/importOrders/hvop;HighVolumeImportSalesOrdersJob","DooHvopOrderAddressesInt.ctl","DOO_ORDER_ADDRESSES_INT"
"SCM","10500","Source Sales Order","127","scm/sourceSalesOrder/import","","/oracle/apps/ess/scm/fom/importOrders/hvop;HighVolumeImportSalesOrdersJob","DooHvopOrderChargesInt.ctl","DOO_ORDER_CHARGES_INT"
"SCM","10500","Source Sales Order","127","scm/sourceSalesOrder/import","","/oracle/apps/ess/scm/fom/importOrders/hvop;HighVolumeImportSalesOrdersJob","DooHvopOrderChargeCompsInt.ctl","DOO_ORDER_CHARGE_COMPS_INT"
"PRC","201","Blanket Purchase Agreement","23","prc/blanketPurchaseAgreement/import","","/oracle/apps/ess/prc/po/pdoi;ImportBPAJob","PoGAOrgAssignInterfaceBlanket.ctl","PO_GA_ORG_ASSIGN_INTERFACE"
"PRC","201","Blanket Purchase Agreement","23","prc/blanketPurchaseAgreement/import","","/oracle/apps/ess/prc/po/pdoi;ImportBPAJob","PoAttrValuesInterfaceBlanket.ctl","PO_ATTR_VALUES_INTERFACE"
"PRC","201","Blanket Purchase Agreement","23","prc/blanketPurchaseAgreement/import","","/oracle/apps/ess/prc/po/pdoi;ImportBPAJob","PoAttrValuesTlpInterfaceBlanket.ctl","PO_ATTR_VALUES_TLP_INTERFACE"
"SCM","10120","Requirements","83","scm/requirement/import","","/oracle/apps/ess/scm/customerNeedsManagement;AcnReqAndLineItemImportJobDef","AcnReqInterface.ctl","ACN_REQ_SPEC_INT"
"SCM","10120","Requirements","83","scm/requirement/import","","/oracle/apps/ess/scm/customerNeedsManagement;AcnReqAndLineItemImportJobDef","AcnReqLineItemInterface.ctl","ACN_REQUIREMENT_INT"
"SCM","10120","Ideas","84","scm/idea/import","","/oracle/apps/ess/scm/customerNeedsManagement;AcnIdeaImportJobDef","AcnIdeasInterface.ctl","ACN_IDEA_INT"
"PRJ","10040","Project Resource Pool","90","prj/projectResourceManagement/import","","/oracle/apps/ess/projects/resourceManagement/resources;PjrResourcesLoadResourcePoolDataJobDef","PjrResourcePoolMembershipInterface.ctl","PJR_RESOURCE_POOL_MEMBERS_INT"
"SCM","10114","Supply Order","75","scm/supplyOrder/import","","/oracle/apps/ess/scm/dos/supplyRequestDecomposition/supplyRequestInterface/createSupplyOrders;ProcessSupplyOrderInterface","DosSupplyLinesInt.ctl","DOS_SUPPLY_LINES_INT"
"SCM","10114","Supply Order","75","scm/supplyOrder/import","","/oracle/apps/ess/scm/dos/supplyRequestDecomposition/supplyRequestInterface/createSupplyOrders;ProcessSupplyOrderInterface","DosDistributionDetailsInt.ctl","DOS_DISTRIBUTION_DETAILS_INT"
"SCM","10108","Attachments","177","scm/common/import","","/oracle/apps/ess/scm/rcs/integrations;AttachmentsImport","AttachmentsImport.ctl","RCS_ATTACHMENTS_INT"
"FIN","602","Subledger Mapping Set Value","131","fin/fusionAccountingHub/import","","/oracle/apps/ess/financials/subledgerAccounting/shared;XLASETUPIMPORT","XlaMappingSetValuesInterface.ctl","XLA_MAPPING_SET_VALUES_INT"
"PRC","10580","Classification","162","prc/classification/import","","/oracle/apps/ess/prc/poi/classification;DatasetImport","PoiClassificationDataset.ctl","POI_SPEND_DATA_INT"
"SCM","401","Interfaced Pick Transactions","172","scm/interfacedPickTransactions/import","","/oracle/apps/ess/scm/inventory/picking/pickConfirm;InvPickTxnsProcessJob","InvPickConfirmLotInterface.ctl","INV_TRANSACTION_LOTS_INTERFACE"
"SCM","401","Interfaced Pick Transactions","172","scm/interfacedPickTransactions/import","","/oracle/apps/ess/scm/inventory/picking/pickConfirm;InvPickTxnsProcessJob","InvPickConfirmSerialInterface.ctl","INV_SERIAL_NUMBERS_INTERFACE"
"SCM","665","Shipment","30","scm/shipmentRequest/import","","/oracle/apps/ess/scm/shipping/shipConfirm/deliveries;WshReceiveShipmentRequestsSRSJob","WshDelDetailsInterface.ctl","WSH_DEL_DETAILS_INTERFACE"
"SCM","665","Shipment","30","scm/shipmentRequest/import","","/oracle/apps/ess/scm/shipping/shipConfirm/deliveries;WshReceiveShipmentRequestsSRSJob","WshTransactionsHistory.ctl","WSH_TRANSACTIONS_HISTORY"
"SCM","665","Shipment","73","scm/performShippingTransaction/import","","/oracle/apps/ess/scm/shipping/shipConfirm/deliveries;WshPerformShippingTxnJob","WshNewDelInterface.ctl","WSH_NEW_DEL_INTERFACE"
"SCM","665","Shipment","73","scm/performShippingTransaction/import","","/oracle/apps/ess/scm/shipping/shipConfirm/deliveries;WshPerformShippingTxnJob","InvLpnInterface.ctl","INV_LPN_INTERFACE"
"SCM","665","Shipment","73","scm/performShippingTransaction/import","","/oracle/apps/ess/scm/shipping/shipConfirm/deliveries;WshPerformShippingTxnJob","WshShipmentLineInterface.ctl","WSH_DEL_DETAILS_INTERFACE"
"SCM","665","Shipment","73","scm/performShippingTransaction/import","","/oracle/apps/ess/scm/shipping/shipConfirm/deliveries;WshPerformShippingTxnJob","InvTransactionLotsInterface.ctl","INV_TRANSACTION_LOTS_INTERFACE"
"SCM","665","Shipment","73","scm/performShippingTransaction/import","","/oracle/apps/ess/scm/shipping/shipConfirm/deliveries;WshPerformShippingTxnJob","InvSerialNumbersInterface.ctl","INV_SERIAL_NUMBERS_INTERFACE"
"SCM","665","Shipment","73","scm/performShippingTransaction/import","","/oracle/apps/ess/scm/shipping/shipConfirm/deliveries;WshPerformShippingTxnJob","WshFreightCostsInterface.ctl","WSH_FREIGHT_COSTS_INTERFACE"
"PRC","10599","Sustainability Activity","175","prc/sustainability/import","","/oracle/apps/ess/prc/sus/activities;ImportActivities","SusActivitiesInt.ctl","SUS_ACTIVITIES_INT"
"PRC","10599","Sustainability Activity","175","prc/sustainability/import","","/oracle/apps/ess/prc/sus/activities;ImportActivities","SusActMeasuresInt.ctl","SUS_ACT_MEASURES_INT"
"PRC","10599","Sustainability Activity","175","prc/sustainability/import","","/oracle/apps/ess/prc/sus/activities;ImportActivities","SusActEmissionsInt.ctl","SUS_ACT_EMISSIONS_INT"
"PRC","10071","Requisition","28","prc/requisition/import","","/oracle/apps/ess/prc/por/createReq/reqImport;RequisitionImportJob","PorReqLinesInterfaceAll.ctl","POR_REQ_LINES_INTERFACE_ALL"
"PRC","10071","Requisition","28","prc/requisition/import","","/oracle/apps/ess/prc/por/createReq/reqImport;RequisitionImportJob","PorReqDistsInterfaceAll.ctl","POR_REQ_DISTS_INTERFACE_ALL"
"SCM","10525","Collaboration Order Forecast","125","scm/collaborationOrderForecast/import","","/oracle/apps/ess/scm/supplyCollaboration/collaboration;VcsSupplyCollaborationOrderForecastImportJob","CollaborationOrderForecastHeader.ctl","VCS_COLLAB_HEADER_INT"
"SCM","10525","Collaboration Order Forecast","125","scm/collaborationOrderForecast/import","","/oracle/apps/ess/scm/supplyCollaboration/collaboration;VcsSupplyCollaborationOrderForecastImportJob","CollaborationOrderForecastSource.ctl","VCS_COLLAB_SOURCE_INT"
"SCM","10525","Vendor-Managed Inventory Relationship","146","scm/vmiRelationship/import","","/oracle/apps/ess/scm/supplyCollaboration/collaboration;VcsVMIRelationshipImportJob","VcsVMIRelationships.ctl","VCS_VMI_RELATIONSHIPS_INT"
"SCM","10525","Vendor-Managed Inventory Relationship","146","scm/vmiRelationship/import","","/oracle/apps/ess/scm/supplyCollaboration/collaboration;VcsVMIRelationshipImportJob","VcsVMIRelationshipSubs.ctl","VCS_VMI_RELATIONSHIP_SUBS_INT"
"PRC","396","Supplier Negotiation","159","prc/supplierNegotiation/import","","/oracle/apps/ess/prc/pon/negotiationImport;ImportNegotiationLinesSuppliersJob","PonLinesOrderOutcome.ctl","PON_LINES_INT"
"PRC","396","Supplier Negotiation","159","prc/supplierNegotiation/import","","/oracle/apps/ess/prc/pon/negotiationImport;ImportNegotiationLinesSuppliersJob","PonExternalCostFactors.ctl","PON_LINE_COST_FACTORS_INT"
"PRC","396","Supplier Negotiation","159","prc/supplierNegotiation/import","","/oracle/apps/ess/prc/pon/negotiationImport;ImportNegotiationLinesSuppliersJob","PonLinesAgreementOutcome.ctl","PON_LINES_INT"
"PRC","396","Supplier Negotiation","159","prc/supplierNegotiation/import","","/oracle/apps/ess/prc/pon/negotiationImport;ImportNegotiationLinesSuppliersJob","PonQuantityBasedPriceTiers.ctl","PON_LINE_PRICE_TIERS_INT"
"PRC","396","Supplier Negotiation","159","prc/supplierNegotiation/import","","/oracle/apps/ess/prc/pon/negotiationImport;ImportNegotiationLinesSuppliersJob","PonPriceBreaks.ctl","PON_LINE_PRICE_TIERS_INT"
"FIN","673","bankAccount","18","fin/payables/import","","/oracle/apps/ess/financials/payments/fundsDisbursement/payments;ImportSuppBankAccounts","IbyTempExtBankAccts.ctl","IBY_TEMP_EXT_BANK_ACCTS"
"FIN","673","bankAccount","18","fin/payables/import","","/oracle/apps/ess/financials/payments/fundsDisbursement/payments;ImportSuppBankAccounts","IbyTempPmtInstrUses.ctl","IBY_TEMP_PMT_INSTR_USES"
"FIN","673","bankAccount","18","fin/payables/import","","/oracle/apps/ess/financials/payments/fundsDisbursement/payments;ImportSuppBankAccounts","IbyTempExtPayees.ctl","IBY_TEMP_EXT_PAYEES"
"FIN","673","transaction","60","fin/receivables/import","/oracle/apps/ess/financials/payments/fundsCapture/transactions;FetchSettlementACK","/oracle/apps/ess/financials/payments/fundsCapture/transactions;FetchSettlementACK","",""
"FIN","10052","Budget Interface","51","fin/budgetaryControl/import","","/oracle/apps/ess/financials/commitmentControl/integration/budgetImport;BudgetImport","XccBudgetInterface.ctl","XCC_BUDGET_INTERFACE"
"FIN","10052","Budget Interface","51","fin/budgetaryControl/import","","/oracle/apps/ess/financials/commitmentControl/integration/budgetImport;BudgetImport","XccBudgetMultiPeriodInt.ctl","XCC_BUDGET_MULTI_PERIOD_INT, XCC_PROCESS_ERRORS"
"FIN","10052","Unified Budget Import","153","fin/budgetaryControl/import","","/oracle/apps/ess/financials/commitmentControl/integration/budgetImport;UnifiedBudgetImport","XccBudgetInterface.ctl","XCC_BUDGET_INTERFACE"
"FIN","10052","Unified Budget Import","153","fin/budgetaryControl/import","","/oracle/apps/ess/financials/commitmentControl/integration/budgetImport;UnifiedBudgetImport","XccEpmBudgetInt.ctl","XCC_EPM_BUDGET_INT, XCC_BUDGET_INTERFACE"
"SCM","542","Customer Asset","108","scm/customerAsset/import","Import Customer Assets","/oracle/apps/ess/scm/installedBase/customerAssets/import;ImportCustomerAssetsJob","CsiInterfaceBatches.ctl","CSE_INT_BATCHES_B,CSE_INT_BATCHES_TL"
"SCM","542","Customer Asset","108","scm/customerAsset/import","Import Customer Assets","/oracle/apps/ess/scm/installedBase/customerAssets/import;ImportCustomerAssetsJob","CsiAssets.ctl","CSE_ASSETS_INT"
"SCM","542","Customer Asset","108","scm/customerAsset/import","Import Customer Assets","/oracle/apps/ess/scm/installedBase/customerAssets/import;ImportCustomerAssetsJob","CsiAssetCharges.ctl","CSE_ASSET_CHARGES_INT"
"PRJ","10040","Project Progress","41","prj/projectResourceManagement/import","","/oracle/apps/ess/projects/resourceManagement/reporting;PjrReportingLoadActualHoursDataJobDef","PjrActualHoursInterface.ctl","PJR_ACTUAL_HOURS_INTERFACE"
"PRJ","10040","Project Resource Request","42","prj/projectResourceManagement/import","","/oracle/apps/ess/projects/resourceManagement/request;PjrRequestLoadRequestDataJobDef","PjrProjectResReqInterface.ctl","PJR_PROJECT_RES_REQ_INTERFACE"
"PRJ","10040","Project Resource Request","42","prj/projectResourceManagement/import","","/oracle/apps/ess/projects/resourceManagement/request;PjrRequestLoadRequestDataJobDef","PjrProjectResReqDetInterface.ctl","PJR_PROJ_RES_REQ_DET_INT"
"PRJ","10040","Project Resource Assignment","67","prj/projectResourceManagement/import","","/oracle/apps/ess/projects/resourceManagement/assignment;PjrAssignmentLoadAssignmentDataJobDef","PjrAssignCreateInterface.ctl","PJR_ASSIGNMENT_INT"
"PRJ","10040","Project Resource Assignment","67","prj/projectResourceManagement/import","","/oracle/apps/ess/projects/resourceManagement/assignment;PjrAssignmentLoadAssignmentDataJobDef","PjrAssignUpdateInterface.ctl","PJR_ASSIGNMENT_INT"
"PRJ","10040","Project Resource Pool","90","prj/projectResourceManagement/import","","/oracle/apps/ess/projects/resourceManagement/resources;PjrResourcesLoadResourcePoolDataJobDef","PjrResourcePoolInterface.ctl","PJR_RESOURCE_POOLS_INT"
"PRC","201","Purchase Order","21","prc/purchaseOrder/import","","/oracle/apps/ess/prc/po/pdoi;ImportSPOJob","PoLinesInterfaceOrder.ctl","PO_LINES_INTERFACE"
"PRC","201","Purchase Order","21","prc/purchaseOrder/import","","/oracle/apps/ess/prc/po/pdoi;ImportSPOJob","PoLineLocationsInterfaceOrder.ctl","PO_LINE_LOCATIONS_INTERFACE"
"PRC","201","Purchase Order","21","prc/purchaseOrder/import","","/oracle/apps/ess/prc/po/pdoi;ImportSPOJob","PoDistributionsInterfaceOrder.ctl","PO_DISTRIBUTIONS_INTERFACE"
"PRC","201","Purchase Order","21","prc/purchaseOrder/import","","/oracle/apps/ess/prc/po/pdoi;ImportSPOJob","PoHeadersInterfaceOrder.ctl","PO_HEADERS_INTERFACE"
"PRC","201","Contract Purchase Agreement","22","prc/contractPurchaseAgreement/import","","/oracle/apps/ess/prc/po/pdoi;ImportCPAJob","PoHeadersInterfaceContract.ctl","PO_HEADERS_INTERFACE"
"PRJ","8402","Award","57","prj/grantsManagement/import","","/oracle/apps/ess/projects/grantsManagement/award;AwardMassImportJob","GmsAwardCfdasInterface.ctl","GMS_AWARD_CFDAS_INT"
"PRJ","8402","Award","57","prj/grantsManagement/import","","/oracle/apps/ess/projects/grantsManagement/award;AwardMassImportJob","GmsAwardOrgCreditsInterface.ctl","GMS_AWARD_DEPT_CRDTS_INT"
"PRJ","8402","Award","57","prj/grantsManagement/import","","/oracle/apps/ess/projects/grantsManagement/award;AwardMassImportJob","GmsAwardBdgtPeriodsInterface.ctl","GMS_AWARD_BDGT_PRDS_INT"
"PRJ","8402","Award","57","prj/grantsManagement/import","","/oracle/apps/ess/projects/grantsManagement/award;AwardMassImportJob","GmsAwardPersonnelInterface.ctl","GMS_AWARD_PERSONNEL_INT"
"PRJ","8402","Award","57","prj/grantsManagement/import","","/oracle/apps/ess/projects/grantsManagement/award;AwardMassImportJob","GmsAwardProjectsInterface.ctl","GMS_AWARD_PROJECTS_INT"
"PRJ","8402","Award","57","prj/grantsManagement/import","","/oracle/apps/ess/projects/grantsManagement/award;AwardMassImportJob","GmsAwardFundingInterface.ctl","GMS_AWARD_FUNDING_INT"
"PRJ","8402","Award","57","prj/grantsManagement/import","","/oracle/apps/ess/projects/grantsManagement/award;AwardMassImportJob","GmsAwardFundAllocInterface.ctl","GMS_AWARD_FUND_ALLOC_INT"
"PRJ","8402","Award","57","prj/grantsManagement/import","","/oracle/apps/ess/projects/grantsManagement/award;AwardMassImportJob","GmsAwardPrjTaskBrdInterface.ctl","GMS_AWD_PRJ_TSK_BRD_INT"
"PRJ","8402","Award","57","prj/grantsManagement/import","","/oracle/apps/ess/projects/grantsManagement/award;AwardMassImportJob","GmsAwardPrjFundSrcInterface.ctl","GMS_AWD_PRJ_FND_SRC_INT"
"PRJ","8402","Award","57","prj/grantsManagement/import","","/oracle/apps/ess/projects/grantsManagement/award;AwardMassImportJob","GmsAwardFundSrcInterface.ctl","GMS_AWD_FND_SRC_INT"
"PRJ","8402","Grants Sponsor","121","prj/grantsManagement/import","","/oracle/apps/ess/projects/grantsManagement/setup;ImportSponsorsJob","GmsSponsorInterface.ctl","GMS_SPONSORS_INT"
"SCM","724","Msc Common","168","scm/planningDataLoader/import","","/oracle/apps/ess/scm/advancedPlanning/collection/configuration;CSVController","BORComponentSubstitutes.ctl","MSC_ST_BOR_SUBSTITUTES_INT"
"SCM","724","Msc Common","168","scm/planningDataLoader/import","","/oracle/apps/ess/scm/advancedPlanning/collection/configuration;CSVController","BOROptionDependent.ctl","MSC_ST_BOR_OPTION_DEP_INT"
"SCM","724","Msc Common","168","scm/planningDataLoader/import","","/oracle/apps/ess/scm/advancedPlanning/collection/configuration;CSVController","PurchaseOrderRcvHistory.ctl","MSC_ST_SHIP_RCV_HISTORY_INT"
"SCM","724","Msc Common","168","scm/planningDataLoader/import","","/oracle/apps/ess/scm/advancedPlanning/collection/configuration;CSVController","ShipHistDateRangeForAllocation.ctl","MSC_ST_ALLOC_TIME_HISTORY_INT"
"SCM","724","Msc Common","168","scm/planningDataLoader/import","","/oracle/apps/ess/scm/advancedPlanning/collection/configuration;CSVController","SupplyAllocationQuantities.ctl","MSC_ST_SUPPLY_ALLOC_QTY_INT"
"SCM","10493","Work Order","63","scm/workOrder/import","","/oracle/apps/ess/scm/commonWorkExecution/massImport/workOrders;ImportWorkOrdersJob","WieWoBatches.ctl","WIE_INT_BATCHES_B,WIE_INT_BATCHES_TL"
"SCM","10493","Work Order","63","scm/workOrder/import","","/oracle/apps/ess/scm/commonWorkExecution/massImport/workOrders;ImportWorkOrdersJob","WieWoHeaders.ctl","WIE_WORK_ORDERS_INT"
"SCM","10493","Work Order","63","scm/workOrder/import","","/oracle/apps/ess/scm/commonWorkExecution/massImport/workOrders;ImportWorkOrdersJob","WieWoOperations.ctl","WIE_WORK_ORDER_DETAILS_INT"
"SCM","10493","Work Order","63","scm/workOrder/import","","/oracle/apps/ess/scm/commonWorkExecution/massImport/workOrders;ImportWorkOrdersJob","WieWoOperationResources.ctl","WIE_WORK_ORDER_DETAILS_INT"
"SCM","10493","Work Order","63","scm/workOrder/import","","/oracle/apps/ess/scm/commonWorkExecution/massImport/workOrders;ImportWorkOrdersJob","WieWoOperationMaterials.ctl","WIE_WORK_ORDER_DETAILS_INT"
"SCM","10493","Work Order","63","scm/workOrder/import","","/oracle/apps/ess/scm/commonWorkExecution/massImport/workOrders;ImportWorkOrdersJob","WieWoSerials.ctl","WIE_WORK_ORDER_DETAILS_INT"
"SCM","10493","Work Order","63","scm/workOrder/import","","/oracle/apps/ess/scm/commonWorkExecution/massImport/workOrders;ImportWorkOrdersJob","WieWoAssemblyComponent.ctl","WIE_WORK_ORDER_DETAILS_INT"
"SCM","10493","Work Order","63","scm/workOrder/import","","/oracle/apps/ess/scm/commonWorkExecution/massImport/workOrders;ImportWorkOrdersJob","WieWoMaterialLots.ctl","WIE_WORK_ORDER_DETAILS_INT"
"SCM","10493","Work Order","63","scm/workOrder/import","","/oracle/apps/ess/scm/commonWorkExecution/massImport/workOrders;ImportWorkOrdersJob","WieWoMaterialSerials.ctl","WIE_WORK_ORDER_DETAILS_INT"
"SCM","10493","Work Order","63","scm/workOrder/import","","/oracle/apps/ess/scm/commonWorkExecution/massImport/workOrders;ImportWorkOrdersJob","WieWoOperationResInstances.ctl","WIE_WORK_ORDER_DETAILS_INT"
"SCM","10493","Work Order","63","scm/workOrder/import","","/oracle/apps/ess/scm/commonWorkExecution/massImport/workOrders;ImportWorkOrdersJob","WieProcessWoBatches.ctl","WIE_INT_BATCHES_B,WIE_INT_BATCHES_TL"
"SCM","10493","Work Order","63","scm/workOrder/import","","/oracle/apps/ess/scm/commonWorkExecution/massImport/workOrders;ImportWorkOrdersJob","WieProcessWoHeaders.ctl","WIE_WORK_ORDERS_INT"
"SCM","10493","Work Order","63","scm/workOrder/import","","/oracle/apps/ess/scm/commonWorkExecution/massImport/workOrders;ImportWorkOrdersJob","WieProcessWoOperations.ctl","WIE_WORK_ORDER_DETAILS_INT"
"SCM","10493","Work Order","63","scm/workOrder/import","","/oracle/apps/ess/scm/commonWorkExecution/massImport/workOrders;ImportWorkOrdersJob","WieProcessWoOperResources.ctl","WIE_WORK_ORDER_DETAILS_INT"
"SCM","10493","Work Order","63","scm/workOrder/import","","/oracle/apps/ess/scm/commonWorkExecution/massImport/workOrders;ImportWorkOrdersJob","WieProcessWoOperMaterials.ctl","WIE_WORK_ORDER_DETAILS_INT"
"SCM","10493","Work Order","63","scm/workOrder/import","","/oracle/apps/ess/scm/commonWorkExecution/massImport/workOrders;ImportWorkOrdersJob","WieProcessWoOperResInstances.ctl","WIE_WORK_ORDER_DETAILS_INT"
"SCM","10493","Work Order","63","scm/workOrder/import","","/oracle/apps/ess/scm/commonWorkExecution/massImport/workOrders;ImportWorkOrdersJob","WieProcessWoOperOutputs.ctl","WIE_WORK_ORDER_DETAILS_INT"
"SCM","10493","Work Order","63","scm/workOrder/import","","/oracle/apps/ess/scm/commonWorkExecution/massImport/workOrders;ImportWorkOrdersJob","WieWoLots.ctl","WIE_WORK_ORDER_DETAILS_INT"
"SCM","10493","Work Order","63","scm/workOrder/import","","/oracle/apps/ess/scm/commonWorkExecution/massImport/workOrders;ImportWorkOrdersJob","WieProcessWoLots.ctl","WIE_WORK_ORDER_DETAILS_INT"
"SCM","10493","Work Order","63","scm/workOrder/import","","/oracle/apps/ess/scm/commonWorkExecution/massImport/workOrders;ImportWorkOrdersJob","WieWoOperationOutputs.ctl","WIE_WORK_ORDER_DETAILS_INT"
"SCM","10493","Work Order Material Transaction","64","scm/workOrderMaterialTransaction/import","","/oracle/apps/ess/scm/commonWorkExecution/massImport/materialTransactions;ImportMaterialTransactionJob","WieMtlTxnBatches.ctl","WIE_INT_BATCHES_B,WIE_INT_BATCHES_TL"
"SCM","10493","Work Order Material Transaction","64","scm/workOrderMaterialTransaction/import","","/oracle/apps/ess/scm/commonWorkExecution/massImport/materialTransactions;ImportMaterialTransactionJob","WieMtlTxns.ctl","WIE_MATERIAL_TRANSACTIONS_INT"
"SCM","10493","Work Order Material Transaction","64","scm/workOrderMaterialTransaction/import","","/oracle/apps/ess/scm/commonWorkExecution/massImport/materialTransactions;ImportMaterialTransactionJob","WieMtlTxnLots.ctl","WIE_TRANSACTION_LOTS_INT"
"SCM","10493","Work Order Material Transaction","64","scm/workOrderMaterialTransaction/import","","/oracle/apps/ess/scm/commonWorkExecution/massImport/materialTransactions;ImportMaterialTransactionJob","WieMtlTxnSerials.ctl","WIE_TRANSACTION_SERIALS_INT"
"SCM","10493","Work Order Material Transaction","64","scm/workOrderMaterialTransaction/import","","/oracle/apps/ess/scm/commonWorkExecution/massImport/materialTransactions;ImportMaterialTransactionJob","WieOutputTxnBatches.ctl","WIE_INT_BATCHES_B,WIE_INT_BATCHES_TL"
"SCM","10493","Work Order Material Transaction","64","scm/workOrderMaterialTransaction/import","","/oracle/apps/ess/scm/commonWorkExecution/massImport/materialTransactions;ImportMaterialTransactionJob","WieOutputTxns.ctl","WIE_MATERIAL_TRANSACTIONS_INT"
"SCM","10493","Work Order Material Transaction","64","scm/workOrderMaterialTransaction/import","","/oracle/apps/ess/scm/commonWorkExecution/massImport/materialTransactions;ImportMaterialTransactionJob","WieOutputTxnLots.ctl","WIE_TRANSACTION_LOTS_INT"
"SCM","10493","Work Order Material Transaction","64","scm/workOrderMaterialTransaction/import","","/oracle/apps/ess/scm/commonWorkExecution/massImport/materialTransactions;ImportMaterialTransactionJob","WieOutputTxnSerials.ctl","WIE_TRANSACTION_SERIALS_INT"
"SCM","10493","Work Order Resource Transaction","65","scm/workOrderResourceTransaction/import","","/oracle/apps/ess/scm/commonWorkExecution/massImport/resourceTransactions;ImportResourceTransactionJob","WieResTxnBatches.ctl","WIE_INT_BATCHES_B,WIE_INT_BATCHES_TL"
"SCM","10493","Work Order Resource Transaction","65","scm/workOrderResourceTransaction/import","","/oracle/apps/ess/scm/commonWorkExecution/massImport/resourceTransactions;ImportResourceTransactionJob","WieResTxns.ctl","WIE_RESOURCE_TRANSACTIONS_INT"
"SCM","10493","Work Order Operation Transaction","66","scm/workOrderOperationTransaction/import","","/oracle/apps/ess/scm/commonWorkExecution/massImport/operationTransactions;ImportOperationTransactionsJob","WieOpTxnBatches.ctl","WIE_INT_BATCHES_B,WIE_INT_BATCHES_TL"
"SCM","10493","Work Order Operation Transaction","66","scm/workOrderOperationTransaction/import","","/oracle/apps/ess/scm/commonWorkExecution/massImport/operationTransactions;ImportOperationTransactionsJob","WieOpTxns.ctl","WIE_OPERATION_TRANSACTIONS_INT"
"SCM","10493","Work Order Operation Transaction","66","scm/workOrderOperationTransaction/import","","/oracle/apps/ess/scm/commonWorkExecution/massImport/operationTransactions;ImportOperationTransactionsJob","WieOpTxnLots.ctl","WIE_TRANSACTION_LOTS_INT"
"SCM","10493","Work Order Operation Transaction","66","scm/workOrderOperationTransaction/import","","/oracle/apps/ess/scm/commonWorkExecution/massImport/operationTransactions;ImportOperationTransactionsJob","WieOpTxnSerials.ctl","WIE_TRANSACTION_SERIALS_INT"
"SCM","10493","Work Order Operation Transaction","66","scm/workOrderOperationTransaction/import","","/oracle/apps/ess/scm/commonWorkExecution/massImport/operationTransactions;ImportOperationTransactionsJob","WieOpMatTxns.ctl","WIE_MATERIAL_TRANSACTIONS_INT"
"SCM","10493","Work Order Operation Transaction","66","scm/workOrderOperationTransaction/import","","/oracle/apps/ess/scm/commonWorkExecution/massImport/operationTransactions;ImportOperationTransactionsJob","WieOpMatTxnLots.ctl","WIE_TRANSACTION_LOTS_INT"
"SCM","10493","Work Order Operation Transaction","66","scm/workOrderOperationTransaction/import","","/oracle/apps/ess/scm/commonWorkExecution/massImport/operationTransactions;ImportOperationTransactionsJob","WieOpMatTxnSerials.ctl","WIE_TRANSACTION_SERIALS_INT"
"SCM","10493","Work Order Operation Transaction","66","scm/workOrderOperationTransaction/import","","/oracle/apps/ess/scm/commonWorkExecution/massImport/operationTransactions;ImportOperationTransactionsJob","WieProcessOpMatTxns.ctl","WIE_MATERIAL_TRANSACTIONS_INT"
"SCM","10493","Work Order Operation Transaction","66","scm/workOrderOperationTransaction/import","","/oracle/apps/ess/scm/commonWorkExecution/massImport/operationTransactions;ImportOperationTransactionsJob","WieProcessOpMatTxnLots.ctl","WIE_TRANSACTION_LOTS_INT"
"SCM","10493","Work Order Operation Transaction","66","scm/workOrderOperationTransaction/import","","/oracle/apps/ess/scm/commonWorkExecution/massImport/operationTransactions;ImportOperationTransactionsJob","WieProcessOpMatTxnSerials.ctl","WIE_TRANSACTION_SERIALS_INT"
"SCM","10493","Work Order Operation Transaction","66","scm/workOrderOperationTransaction/import","","/oracle/apps/ess/scm/commonWorkExecution/massImport/operationTransactions;ImportOperationTransactionsJob","WieProcessOpTxnBatches.ctl","WIE_INT_BATCHES_B,WIE_INT_BATCHES_TL"
"SCM","10493","Work Order Operation Transaction","66","scm/workOrderOperationTransaction/import","","/oracle/apps/ess/scm/commonWorkExecution/massImport/operationTransactions;ImportOperationTransactionsJob","WieProcessOpTxns.ctl","WIE_OPERATION_TRANSACTIONS_INT"
"FIN","140","fixedAsset","11","fin/assets/import","","/oracle/apps/ess/financials/assets/tracking/massTransfers;PostMassTransfers","FaBookTransfersInt.ctl","FA_BOOK_TRANSFERS_INT"
"FIN","140","fixedAsset","11","fin/assets/import","","/oracle/apps/ess/financials/assets/tracking/massTransfers;PostMassTransfers","FaTransfersT.ctl","FA_TRANSFERS_T, FA_INTERFACE_MAPS"
"FIN","140","fixedAsset","11","fin/assets/import","","/oracle/apps/ess/financials/assets/tracking/massTransfers;PostMassTransfers","FaBookTransferRatesInt.ctl","FA_BOOK_TRANSFER_RATES_INT_V"
"FIN","140","fixedAsset","12","fin/assets/import","","/oracle/apps/ess/financials/assets/adjustments/workArea;PostMassFinTransactions","FaAdjSrcLinesT.ctl","FA_ADJ_SRC_LINES_T"
"FIN","140","fixedAsset","12","fin/assets/import","","/oracle/apps/ess/financials/assets/adjustments/workArea;PostMassFinTransactions","FaAdjustmentsT.ctl","FA_ADJUSTMENTS_T, FA_INTERFACE_MAPS"
"FIN","140","fixedAsset","12","fin/assets/import","","/oracle/apps/ess/financials/assets/adjustments/workArea;PostMassFinTransactions","FaAdjRatesInt.ctl","FA_ADJ_RATES_INT_V"
"FIN","140","fixedAsset","13","fin/assets/import","","/oracle/apps/ess/financials/assets/depreciation/production;UploadProduction","FaProductionInterface.ctl","FA_PRODUCTION_INTERFACE"
"FIN","140","fixedAsset","80","fin/assets/import","","/oracle/apps/ess/financials/assets/shared;JapaneseDepreciableAssetsTaxSummaryReport","FaDeprnTaxNbvsRepT.ctl","FA_DEPRN_TAX_NBVS_REP_T"
"FIN","7003","Fiscal Document","61","fin/receivables/import","","/oracle/apps/ess/financials/genericLocalizations/transaction/fiscal;AutoInvoiceImportWithFiscalAttributesEss","JgFsclHdrsAtrbInt.ctl","JG_FSCL_HDRS_ATRB_INT"
"FIN","7003","Fiscal Document","61","fin/receivables/import","","/oracle/apps/ess/financials/genericLocalizations/transaction/fiscal;AutoInvoiceImportWithFiscalAttributesEss","JgFsclHdrDtlsAtrbInt.ctl","JG_FSCL_HDR_DTLS_ATRB_INT"
"FIN","7003","Fiscal Document","61","fin/receivables/import","","/oracle/apps/ess/financials/genericLocalizations/transaction/fiscal;AutoInvoiceImportWithFiscalAttributesEss","JgFsclLinesAtrbInt.ctl","JG_FSCL_LINES_ATRB_INT"
"FIN","10572","Lease Contract","160","fin/leaseAccounting/import","","/oracle/apps/ess/financials/fla/finFla/finLeaseShared;GenerateSchedules","FlaPaymentLinesInt.ctl","FLA_PAYMENT_LINES_INT"
"FIN","10572","Lease Contract","160","fin/leaseAccounting/import","","/oracle/apps/ess/financials/fla/finFla/finLeaseShared;GenerateSchedules","FlaOptionHeadersInt.ctl","FLA_PAYMENT_HEADERS_INT"
"FIN","10572","Lease Contract","160","fin/leaseAccounting/import","","/oracle/apps/ess/financials/fla/finFla/finLeaseShared;GenerateSchedules","FlaOptionLinesInt.ctl","FLA_PAYMENT_LINES_INT,FLA_INTERFACE_REJECTIONS"
"FIN","10572","Lease Contract","160","fin/leaseAccounting/import","","/oracle/apps/ess/financials/fla/finFla/finLeaseShared;GenerateSchedules","FlaAgreementsInt.ctl","FLA_INCREMENT_HEADERS_INT"
"FIN","10572","Lease Contract","160","fin/leaseAccounting/import","","/oracle/apps/ess/financials/fla/finFla/finLeaseShared;GenerateSchedules","FlaAgreementPeriodsInt.ctl","FLA_INCREMENT_PERIODS_INT"
"FIN","10572","Lease Contract","160","fin/leaseAccounting/import","","/oracle/apps/ess/financials/fla/finFla/finLeaseShared;GenerateSchedules","FlaAmendLeasesInt.ctl","FLA_LEASES_INT"
"FIN","10572","Lease Contract","160","fin/leaseAccounting/import","","/oracle/apps/ess/financials/fla/finFla/finLeaseShared;GenerateSchedules","FlaAmendAssetsInt.ctl","FLA_ASSETS_INT"
"FIN","10572","Lease Contract","160","fin/leaseAccounting/import","","/oracle/apps/ess/financials/fla/finFla/finLeaseShared;GenerateSchedules","FlaAmendAssetSerialsInt.ctl","FLA_ASSET_SERIALS_INT"
"FIN","10572","Lease Contract","160","fin/leaseAccounting/import","","/oracle/apps/ess/financials/fla/finFla/finLeaseShared;GenerateSchedules","FlaAmendPaymentHeadersInt.ctl","FLA_PAYMENT_HEADERS_INT"
"FIN","10572","Lease Contract","160","fin/leaseAccounting/import","","/oracle/apps/ess/financials/fla/finFla/finLeaseShared;GenerateSchedules","FlaAmendPaymentLinesInt.ctl","FLA_PAYMENT_LINES_INT"
"FIN","10572","Lease Contract","160","fin/leaseAccounting/import","","/oracle/apps/ess/financials/fla/finFla/finLeaseShared;GenerateSchedules","FlaAmendOptionHeadersInt.ctl","FLA_PAYMENT_HEADERS_INT"
"FIN","10572","Lease Contract","160","fin/leaseAccounting/import","","/oracle/apps/ess/financials/fla/finFla/finLeaseShared;GenerateSchedules","FlaAmendOptionLinesInt.ctl","FLA_PAYMENT_LINES_INT,FLA_INTERFACE_REJECTIONS"
"FIN","10572","Lease Contract","160","fin/leaseAccounting/import","","/oracle/apps/ess/financials/fla/finFla/finLeaseShared;GenerateSchedules","FlaAmendAccountsInt.ctl","FLA_PAYMENT_ACCOUNTS_INT"
"FIN","10572","Lease Contract","160","fin/leaseAccounting/import","","/oracle/apps/ess/financials/fla/finFla/finLeaseShared;GenerateSchedules","FlaAmendAgreementsInt.ctl","FLA_INCREMENT_HEADERS_INT"
"FIN","10572","Lease Contract","160","fin/leaseAccounting/import","","/oracle/apps/ess/financials/fla/finFla/finLeaseShared;GenerateSchedules","FlaAmendAgmtPeriodsInt.ctl","FLA_INCREMENT_PERIODS_INT"
"FIN","10572","Lease Contract","160","fin/leaseAccounting/import","","/oracle/apps/ess/financials/fla/finFla/finLeaseShared;GenerateSchedules","FlaManageLeasesInt.ctl","FLA_LEASES_INT"
"FIN","10572","Lease Contract","160","fin/leaseAccounting/import","","/oracle/apps/ess/financials/fla/finFla/finLeaseShared;GenerateSchedules","FlaManageAssetsInt.ctl","FLA_ASSETS_INT"
"FIN","10572","Lease Contract","160","fin/leaseAccounting/import","","/oracle/apps/ess/financials/fla/finFla/finLeaseShared;GenerateSchedules","FlaManagePaymentsInt.ctl","FLA_PAYMENT_HEADERS_INT"
"FIN","10572","Lease Contract","160","fin/leaseAccounting/import","","/oracle/apps/ess/financials/fla/finFla/finLeaseShared;GenerateSchedules","FlaManageOptionsInt.ctl","FLA_PAYMENT_HEADERS_INT"
"FIN","10572","Lease Contract","160","fin/leaseAccounting/import","","/oracle/apps/ess/financials/fla/finFla/finLeaseShared;GenerateSchedules","FlaRightsInt.ctl","FLA_RIGHTS_INT"
"FIN","10572","Lease Contract","160","fin/leaseAccounting/import","","/oracle/apps/ess/financials/fla/finFla/finLeaseShared;GenerateSchedules","FlaObligationsInt.ctl","FLA_OBLIGATIONS_INT"
"FIN","10572","Lease Contract","160","fin/leaseAccounting/import","","/oracle/apps/ess/financials/fla/finFla/finLeaseShared;GenerateSchedules","FlaMilestonesInt.ctl","FLA_MILESTONES_INT"
"FIN","10572","Lease Contract","160","fin/leaseAccounting/import","","/oracle/apps/ess/financials/fla/finFla/finLeaseShared;GenerateSchedules","FlaAmendRightsInt.ctl","FLA_RIGHTS_INT"
"FIN","10572","Lease Contract","160","fin/leaseAccounting/import","","/oracle/apps/ess/financials/fla/finFla/finLeaseShared;GenerateSchedules","FlaAmendObligationsInt.ctl","FLA_OBLIGATIONS_INT"
"FIN","10572","Lease Contract","160","fin/leaseAccounting/import","","/oracle/apps/ess/financials/fla/finFla/finLeaseShared;GenerateSchedules","FlaImpairLeasesInt.ctl","FLA_LEASES_INT"
"FIN","10572","Lease Contract","160","fin/leaseAccounting/import","","/oracle/apps/ess/financials/fla/finFla/finLeaseShared;GenerateSchedules","FlaImpairAssetsInt.ctl","FLA_ASSETS_INT"
"FIN","10572","Lease Contract","160","fin/leaseAccounting/import","","/oracle/apps/ess/financials/fla/finFla/finLeaseShared;GenerateSchedules","FlaImpairAssetDetailsInt.ctl","FLA_ASSET_IMPAIRMENTS_INT"
"FIN","10572","Lease Contract","160","fin/leaseAccounting/import","","/oracle/apps/ess/financials/fla/finFla/finLeaseShared;GenerateSchedules","FlaAccountsInt.ctl","FLA_PAYMENT_ACCOUNTS_INT"
"FIN","10572","Lease Contract","160","fin/leaseAccounting/import","","/oracle/apps/ess/financials/fla/finFla/finLeaseShared;GenerateSchedules","FlaMiscPaymentsInt.ctl","FLA_MISCELLANEOUS_PAYMENTS_INT"
"FIN","10572","Lease Properties","170","fin/leaseAccounting/import","","/oracle/apps/ess/financials/fla/finFla/finLeaseShared;GenerateRevenue","FlaPropertiesInt.ctl","FLA_PROPERTIES_INT"
"FIN","10572","Lease Properties","170","fin/leaseAccounting/import","","/oracle/apps/ess/financials/fla/finFla/finLeaseShared;GenerateRevenue","FlaRevenueLeasesInt.ctl","FLA_LEASES_INT"
"FIN","10572","Lease Properties","170","fin/leaseAccounting/import","","/oracle/apps/ess/financials/fla/finFla/finLeaseShared;GenerateRevenue","FlaRevenueAssetsInt.ctl","FLA_ASSETS_INT"
"FIN","7003","Fiscal Document","61","fin/receivables/import","","/oracle/apps/ess/financials/genericLocalizations/transaction/fiscal;AutoInvoiceImportWithFiscalAttributesEss","JgFsclLnDtlsAtrbInt.ctl","JG_FSCL_LN_DTLS_ATRB_INT"
"FIN","7003","Fiscal Document","81","fin/payables/import","","/oracle/apps/ess/financials/genericLocalizations/transaction/fiscal;ImportInboundFiscalDocAttributesEss","JgApFsclHdrsAtrbInt.ctl","JG_FSCL_HDRS_ATRB_INT"
"FIN","7003","Fiscal Document","81","fin/payables/import","","/oracle/apps/ess/financials/genericLocalizations/transaction/fiscal;ImportInboundFiscalDocAttributesEss","JgApFsclHdrDtlsAtrbInt.ctl","JG_FSCL_HDR_DTLS_ATRB_INT"
"FIN","7003","Fiscal Document","81","fin/payables/import","","/oracle/apps/ess/financials/genericLocalizations/transaction/fiscal;ImportInboundFiscalDocAttributesEss","JgApFsclLinesAtrbInt.ctl","JG_FSCL_LINES_ATRB_INT"
"FIN","7003","Fiscal Document","81","fin/payables/import","","/oracle/apps/ess/financials/genericLocalizations/transaction/fiscal;ImportInboundFiscalDocAttributesEss","JgApFsclLnDtlsAtrbInt.ctl","JG_FSCL_LN_DTLS_ATRB_INT"
"FIN","7003","Fiscal Document","111","fin/receivables/import","","/oracle/apps/ess/financials/genericLocalizations/transaction/fiscal;ImportTaxAuthorityReturn","JgFsclTaxAuthRetInt.ctl","JG_FSCL_TAX_AUTH_RET_INT"
"FIN","7003","Fiscal Document","111","fin/receivables/import","","/oracle/apps/ess/financials/genericLocalizations/transaction/fiscal;ImportTaxAuthorityReturn","JgFsclTaxAuthTaxesInt.ctl","JG_FSCL_TAX_AUTH_TAXES_INT"
"FIN","7003","Fiscal Document","111","fin/receivables/import","","/oracle/apps/ess/financials/genericLocalizations/transaction/fiscal;ImportTaxAuthorityReturn","JgFsclTaxAuthMsgInt.ctl","JG_FSCL_TAX_AUTH_MSG_INT"
"FIN","7003","Fiscal Document","129","fin/tax/import","","/oracle/apps/ess/financials/genericLocalizations/transaction/fiscal;ImportFiscalSalesDocuments","JgFsclSalesTransactionsInt.ctl","ZX_TRANSACTION"
"FIN","7003","Fiscal Document","129","fin/tax/import","","/oracle/apps/ess/financials/genericLocalizations/transaction/fiscal;ImportFiscalSalesDocuments","JgFsclSalesTransactionsInt.ctl","ZX_TRANSACTION_LINES"
"FIN","7003","Fiscal Document","129","fin/tax/import","","/oracle/apps/ess/financials/genericLocalizations/transaction/fiscal;ImportFiscalSalesDocuments","JgFsclSalesTransactionsInt.ctl","ZX_TAX_LINES_INTERFACE"
"FIN","7003","Fiscal Document","129","fin/tax/import","","/oracle/apps/ess/financials/genericLocalizations/transaction/fiscal;ImportFiscalSalesDocuments","JgFsclSalesTransactionsInt.ctl","JG_FSCL_HDRS_ATRB_INT"
"FIN","7003","Fiscal Document","129","fin/tax/import","","/oracle/apps/ess/financials/genericLocalizations/transaction/fiscal;ImportFiscalSalesDocuments","JgFsclSalesTransactionsInt.ctl","JG_FSCL_HDR_DTLS_ATRB_INT"
"FIN","7003","Fiscal Document","129","fin/tax/import","","/oracle/apps/ess/financials/genericLocalizations/transaction/fiscal;ImportFiscalSalesDocuments","JgFsclSalesTransactionsInt.ctl","JG_FSCL_LINES_ATRB_INT"
"FIN","7003","Fiscal Document","129","fin/tax/import","","/oracle/apps/ess/financials/genericLocalizations/transaction/fiscal;ImportFiscalSalesDocuments","JgFsclSalesTransactionsInt.ctl","JG_FSCL_LN_DTLS_ATRB_INT"
"FIN","7003","TaxPointDateAdjustment","130","fin/tax/import","","/oracle/apps/ess/financials/genericLocalizations/financialReports;ProcessTPDAdjustment","JgTpdAdjustmentsInt.ctl","JG_TPD_ADJUSTMENTS_INT"
"FIN","7003","Fiscal Document","165","fin/tax/import","","/oracle/apps/ess/financials/genericLocalizations/transaction/fiscal;PrintFiscalDocuments","JgFsclDocActionsInt.ctl","JG_DOCUMENT_ACTIONS_INT"
"FIN","222","receivablesInvoice","2","fin/receivables/import","","/oracle/apps/ess/financials/receivables/transactions/autoInvoices;AutoInvoiceImportEss","RaInterfaceDistributionsAll.ctl","RA_INTERFACE_DISTRIBUTIONS_ALL"
"FIN","222","receivablesInvoice","2","fin/receivables/import","","/oracle/apps/ess/financials/receivables/transactions/autoInvoices;AutoInvoiceImportEss","RaInterfaceLinesAll.ctl","RA_INTERFACE_LINES_ALL"
"FIN","222","receivablesInvoice","2","fin/receivables/import","","/oracle/apps/ess/financials/receivables/transactions/autoInvoices;AutoInvoiceImportEss","RaInterfaceSalesCreditsAll.ctl","RA_INTERFACE_SALESCREDITS_ALL"
"FIN","222","receivablesInvoice","2","fin/receivables/import","","/oracle/apps/ess/financials/receivables/transactions/autoInvoices;AutoInvoiceImportEss","ArInterfaceContsAll.ctl","AR_INTERFACE_CONTS_ALL, RA_INTERFACE_ERRORS_ALL"
"FIN","222","receivablesLockbox","3","fin/receivables/import","","/oracle/apps/ess/financials/receivables/receipts/lockboxes;ProcessLockboxesMasterEss","arlockboximportc.ctl","AR_PAYMENTS_INTERFACE_ALL"
"FIN","222","receivablesLockbox","3","fin/receivables/import","","/oracle/apps/ess/financials/receivables/receipts/lockboxes;ProcessLockboxesMasterEss","arlockboximportbai.ctl","AR_PAYMENTS_INTERFACE_ALL"
"FIN","222","receivablesLockbox","3","fin/receivables/import","","/oracle/apps/ess/financials/receivables/receipts/lockboxes;ProcessLockboxesMasterEss","arlockboximportbai2.ctl","AR_PAYMENTS_INTERFACE_ALL"
"FIN","222","receivablesLockbox","3","fin/receivables/import","","/oracle/apps/ess/financials/receivables/receipts/lockboxes;ProcessLockboxesMasterEss","arlockboximportedi823.ctl","AR_PAYMENTS_INTERFACE_ALL"
"FIN","222","receivablesLockbox","3","fin/receivables/import","","/oracle/apps/ess/financials/receivables/receipts/lockboxes;ProcessLockboxesMasterEss","arlockboximportextbai2.ctl","AR_PAYMENTS_INTERFACE_ALL"
"FIN","222","receivablesLockbox","3","fin/receivables/import","","/oracle/apps/ess/financials/receivables/receipts/lockboxes;ProcessLockboxesMasterEss","arlockboximportgenbai2.ctl","AR_PAYMENTS_INTERFACE_ALL"
"FIN","222","receivablesLockbox","3","fin/receivables/import","","/oracle/apps/ess/financials/receivables/receipts/lockboxes;ProcessLockboxesMasterEss","arlockboximportzengin.ctl","AR_PAYMENTS_INTERFACE_ALL"
"FIN","10572","Lease Contract","160","fin/leaseAccounting/import","","/oracle/apps/ess/financials/fla/finFla/finLeaseShared;GenerateSchedules","FlaLeasesInt.ctl","FLA_LEASES_INT"
"FIN","10572","Lease Contract","160","fin/leaseAccounting/import","","/oracle/apps/ess/financials/fla/finFla/finLeaseShared;GenerateSchedules","FlaAssetsInt.ctl","FLA_ASSETS_INT"
"FIN","10572","Lease Contract","160","fin/leaseAccounting/import","","/oracle/apps/ess/financials/fla/finFla/finLeaseShared;GenerateSchedules","FlaAssetSerialsInt.ctl","FLA_ASSET_SERIALS_INT"
"FIN","10572","Lease Contract","160","fin/leaseAccounting/import","","/oracle/apps/ess/financials/fla/finFla/finLeaseShared;GenerateSchedules","FlaPaymentHeadersInt.ctl","FLA_PAYMENT_HEADERS_INT"
"SCM","724","Msc Common","168","scm/planningDataLoader/import","","/oracle/apps/ess/scm/advancedPlanning/collection/configuration;CSVController","User-DefinedHierarchyDetail.ctl","MSC_ST_CSTMHRCHY_DTL_INT"
"SCM","724","Msc Common","168","scm/planningDataLoader/import","","/oracle/apps/ess/scm/advancedPlanning/collection/configuration;CSVController","User-DefinedHierarchyMaster.ctl","MSC_ST_CSTMHRCHY_INT"
"SCM","724","Msc Common","168","scm/planningDataLoader/import","","/oracle/apps/ess/scm/advancedPlanning/collection/configuration;CSVController","DemandClass.ctl","MSC_ST_SR_LOOKUP_VALUES_W"
"SCM","724","Msc Common","168","scm/planningDataLoader/import","","/oracle/apps/ess/scm/advancedPlanning/collection/configuration;CSVController","DocumentCategories.ctl","MSC_ST_DOCUMENT_CATEGORIES_W"
"SCM","724","Msc Common","168","scm/planningDataLoader/import","","/oracle/apps/ess/scm/advancedPlanning/collection/configuration;CSVController","DPForecasts.ctl","MSC_ST_MEASURE_DATA"
"SCM","724","Msc Common","168","scm/planningDataLoader/import","","/oracle/apps/ess/scm/advancedPlanning/collection/configuration;CSVController","ATPRules.ctl","MSC_ST_ATP_RULES"
"SCM","724","Msc Common","168","scm/planningDataLoader/import","","/oracle/apps/ess/scm/advancedPlanning/collection/configuration;CSVController","BacklogMeasure.ctl","MSC_ST_MEASURE_DATA"
"SCM","724","Msc Common","168","scm/planningDataLoader/import","","/oracle/apps/ess/scm/advancedPlanning/collection/configuration;CSVController","BillofMaterialComponents.ctl","MSC_ST_BOM_COMPONENTS"
"SCM","724","Msc Common","168","scm/planningDataLoader/import","","/oracle/apps/ess/scm/advancedPlanning/collection/configuration;CSVController","BillofMaterials.ctl","MSC_ST_BOMS"
"SCM","724","Msc Common","168","scm/planningDataLoader/import","","/oracle/apps/ess/scm/advancedPlanning/collection/configuration;CSVController","BillOfResources.ctl","MSC_ST_AGGRPLAN_BOR_INT"
"SCM","724","Msc Common","168","scm/planningDataLoader/import","","/oracle/apps/ess/scm/advancedPlanning/collection/configuration;CSVController","BOMComponentSubstitutes.ctl","MSC_ST_COMPONENT_SUBSTITUTES"
"SCM","724","Msc Common","168","scm/planningDataLoader/import","","/oracle/apps/ess/scm/advancedPlanning/collection/configuration;CSVController","BookingHistory.ctl","MSC_ST_MEASURE_DATA"
"SCM","724","Msc Common","168","scm/planningDataLoader/import","","/oracle/apps/ess/scm/advancedPlanning/collection/configuration;CSVController","CalendarAssignments.ctl","MSC_ST_CALENDAR_ASSIGNMENTS"
"SCM","724","Msc Common","168","scm/planningDataLoader/import","","/oracle/apps/ess/scm/advancedPlanning/collection/configuration;CSVController","CalendarException.ctl","MSC_ST_CALENDAR_EXCEPTIONS"
"SCM","724","Msc Common","168","scm/planningDataLoader/import","","/oracle/apps/ess/scm/advancedPlanning/collection/configuration;CSVController","CalendarPeriodStartDates.ctl","MSC_ST_PERIOD_START_DATES"
"SCM","724","Msc Common","168","scm/planningDataLoader/import","","/oracle/apps/ess/scm/advancedPlanning/collection/configuration;CSVController","Calendars.ctl","MSC_ST_CALENDARS"
"SCM","724","Msc Common","168","scm/planningDataLoader/import","","/oracle/apps/ess/scm/advancedPlanning/collection/configuration;CSVController","CalendarShifts.ctl","MSC_ST_CALENDAR_SHIFTS"
"SCM","724","Msc Common","168","scm/planningDataLoader/import","","/oracle/apps/ess/scm/advancedPlanning/collection/configuration;CSVController","CalendarWeekStartDay.ctl","MSC_ST_CAL_WEEK_START_DATES"
"SCM","724","Msc Common","168","scm/planningDataLoader/import","","/oracle/apps/ess/scm/advancedPlanning/collection/configuration;CSVController","CalendarWorkdayPatterns.ctl","MSC_ST_WORKDAY_PATTERNS"
"SCM","724","Msc Common","168","scm/planningDataLoader/import","","/oracle/apps/ess/scm/advancedPlanning/collection/configuration;CSVController","Carrier.ctl","MSC_ST_GLOBAL_TRADING_PARTNERS"
"SCM","724","Msc Common","168","scm/planningDataLoader/import","","/oracle/apps/ess/scm/advancedPlanning/collection/configuration;CSVController","CatalogCategoryAssociation.ctl","MSC_ST_CATALOG_CATEGORIES"
"SCM","724","Msc Common","168","scm/planningDataLoader/import","","/oracle/apps/ess/scm/advancedPlanning/collection/configuration;CSVController","Catalogs.ctl","MSC_ST_CATEGORY_SETS"
"SCM","724","Msc Common","168","scm/planningDataLoader/import","","/oracle/apps/ess/scm/advancedPlanning/collection/configuration;CSVController","CausalFactors.ctl","MSC_ST_MEASURE_DATA"
"SCM","724","Msc Common","168","scm/planningDataLoader/import","","/oracle/apps/ess/scm/advancedPlanning/collection/configuration;CSVController","ConsumptionHistory.ctl","MSC_ST_MEASURE_DATA"
"SCM","724","Msc Common","168","scm/planningDataLoader/import","","/oracle/apps/ess/scm/advancedPlanning/collection/configuration;CSVController","CrossReferenceData.ctl","MSC_ST_XREF_MAPPING_INT"
"SCM","724","Msc Common","168","scm/planningDataLoader/import","","/oracle/apps/ess/scm/advancedPlanning/collection/configuration;CSVController","Currencies.ctl","MSC_ST_SR_LOOKUP_VALUES_W"
"SCM","724","Msc Common","168","scm/planningDataLoader/import","","/oracle/apps/ess/scm/advancedPlanning/collection/configuration;CSVController","CurrencyConversion.ctl","MSC_ST_CURRENCY_CONVERSIONS"
"SCM","724","Msc Common","168","scm/planningDataLoader/import","","/oracle/apps/ess/scm/advancedPlanning/collection/configuration;CSVController","CurrencyConversionType.ctl","MSC_ST_CURRENCY_CONV_TYPES"
"SCM","724","Msc Common","168","scm/planningDataLoader/import","","/oracle/apps/ess/scm/advancedPlanning/collection/configuration;CSVController","Customers.ctl","MSC_ST_GLOBAL_TRADING_PARTNERS"
"SCM","724","Msc Common","168","scm/planningDataLoader/import","","/oracle/apps/ess/scm/advancedPlanning/collection/configuration;CSVController","CustomerSite.ctl","MSC_ST_TRADING_PARTNER_SITES"
"SCM","724","Msc Common","135","scm/planningDataLoader/import","","/oracle/apps/ess/scm/advancedPlanning/collection/configuration;CSVController","ResourceAvailability.ctl","MSC_ST_NET_RESOURCE_AVAIL"
"SCM","724","Msc Common","135","scm/planningDataLoader/import","","/oracle/apps/ess/scm/advancedPlanning/collection/configuration;CSVController","ResourceShifts.ctl","MSC_ST_RESOURCE_SHIFTS"
"SCM","724","Msc Common","135","scm/planningDataLoader/import","","/oracle/apps/ess/scm/advancedPlanning/collection/configuration;CSVController","RoutingOperationResources.ctl","MSC_ST_OPERATION_RESOURCES"
"SCM","724","Msc Common","135","scm/planningDataLoader/import","","/oracle/apps/ess/scm/advancedPlanning/collection/configuration;CSVController","RoutingOperations.ctl","MSC_ST_ROUTING_OPERATIONS"
"SCM","724","Msc Common","135","scm/planningDataLoader/import","","/oracle/apps/ess/scm/advancedPlanning/collection/configuration;CSVController","Routings.ctl","MSC_ST_ROUTINGS"
"SCM","724","Msc Common","135","scm/planningDataLoader/import","","/oracle/apps/ess/scm/advancedPlanning/collection/configuration;CSVController","SafetyStockLevel.ctl","MSC_ST_SAFETY_STOCKS"
"SCM","724","Msc Common","135","scm/planningDataLoader/import","","/oracle/apps/ess/scm/advancedPlanning/collection/configuration;CSVController","SalesCreditType.ctl","MSC_ST_SALES_CREDIT_TYPES"
"SCM","724","Msc Common","135","scm/planningDataLoader/import","","/oracle/apps/ess/scm/advancedPlanning/collection/configuration;CSVController","SalesOrder.ctl","MSC_ST_DEMANDS"
"SCM","724","Msc Common","135","scm/planningDataLoader/import","","/oracle/apps/ess/scm/advancedPlanning/collection/configuration;CSVController","ServiceLevel.ctl","MSC_ST_SR_LOOKUP_VALUES_W"
"SCM","724","Msc Common","135","scm/planningDataLoader/import","","/oracle/apps/ess/scm/advancedPlanning/collection/configuration;CSVController","ShipmentHistory.ctl","MSC_ST_MEASURE_DATA"
"SCM","724","Msc Common","135","scm/planningDataLoader/import","","/oracle/apps/ess/scm/advancedPlanning/collection/configuration;CSVController","SourcingRules.ctl","MSC_ST_SOURCING_RULES, MSC_ST_SR_SOURCE_ORG, MSC_ST_SR_RECEIPT_ORG"
"SCM","724","Msc Common","135","scm/planningDataLoader/import","","/oracle/apps/ess/scm/advancedPlanning/collection/configuration;CSVController","SubInventory.ctl","MSC_ST_SUB_INVENTORIES"
"SCM","724","Msc Common","135","scm/planningDataLoader/import","","/oracle/apps/ess/scm/advancedPlanning/collection/configuration;CSVController","SupplierCapacity.ctl","MSC_ST_SUPPLIER_CAPACITIES"
"SCM","724","Msc Common","135","scm/planningDataLoader/import","","/oracle/apps/ess/scm/advancedPlanning/collection/configuration;CSVController","Suppliers.ctl","MSC_ST_GLOBAL_TRADING_PARTNERS"
"SCM","724","Msc Common","135","scm/planningDataLoader/import","","/oracle/apps/ess/scm/advancedPlanning/collection/configuration;CSVController","SupplierSite.ctl","MSC_ST_TRADING_PARTNER_SITES"
"SCM","724","Msc Common","135","scm/planningDataLoader/import","","/oracle/apps/ess/scm/advancedPlanning/collection/configuration;CSVController","SupplyOnhand.ctl","MSC_ST_SUPPLIES"
"SCM","724","Msc Common","135","scm/planningDataLoader/import","","/oracle/apps/ess/scm/advancedPlanning/collection/configuration;CSVController","TransferOrder.ctl","MSC_ST_SUPPLIES"
"SCM","724","Msc Common","135","scm/planningDataLoader/import","","/oracle/apps/ess/scm/advancedPlanning/collection/configuration;CSVController","UOMClassConversion.ctl","MSC_ST_UOM_CLASS_CONVERSIONS"
"SCM","724","Msc Common","135","scm/planningDataLoader/import","","/oracle/apps/ess/scm/advancedPlanning/collection/configuration;CSVController","UOMConversion.ctl","MSC_ST_UOM_CONVERSIONS"
"SCM","724","Msc Common","135","scm/planningDataLoader/import","","/oracle/apps/ess/scm/advancedPlanning/collection/configuration;CSVController","UOMS.ctl","MSC_ST_UNITS_OF_MEASURE"
"SCM","724","Msc Common","135","scm/planningDataLoader/import","","/oracle/apps/ess/scm/advancedPlanning/collection/configuration;CSVController","WIPComponentDemands.ctl","MSC_ST_DEMANDS"
"SCM","724","Msc Common","135","scm/planningDataLoader/import","","/oracle/apps/ess/scm/advancedPlanning/collection/configuration;CSVController","WIPOperationResource.ctl","MSC_ST_RESOURCE_REQUIREMENTS"
"SCM","724","Msc Common","135","scm/planningDataLoader/import","","/oracle/apps/ess/scm/advancedPlanning/collection/configuration;CSVController","WorkCenterResources.ctl","MSC_ST_DEPARTMENT_RESOURCES"
"SCM","724","Msc Common","135","scm/planningDataLoader/import","","/oracle/apps/ess/scm/advancedPlanning/collection/configuration;CSVController","WorkOrderSupplies.ctl","MSC_ST_SUPPLIES"
"SCM","724","Msc Common","135","scm/planningDataLoader/import","","/oracle/apps/ess/scm/advancedPlanning/collection/configuration;CSVController","Zones.ctl","MSC_ST_REGIONS"
"SCM","724","Msc Common","135","scm/planningDataLoader/import","","/oracle/apps/ess/scm/advancedPlanning/collection/configuration;CSVController","ScpErpIntegrationServiceParams.ctl","MSC_ST_ERP_INTG_PARAMS_INT"
"SCM","724","Msc Common","135","scm/planningDataLoader/import","","/oracle/apps/ess/scm/advancedPlanning/collection/configuration;CSVController","ItemPolicyOverrides.ctl","MSC_ST_INV_PA_OVERRIDES_INT"
"SCM","724","Msc Common","135","scm/planningDataLoader/import","","/oracle/apps/ess/scm/advancedPlanning/collection/configuration;CSVController","MovementRequests.ctl","MSC_ST_SUPPLIES"
"SCM","724","Msc Common","135","scm/planningDataLoader/import","","/oracle/apps/ess/scm/advancedPlanning/collection/configuration;CSVController","ItemSubinventories.ctl","MSC_ST_ITEM_SUBINVENTORIES_INT"
"SCM","724","Msc Common","135","scm/planningDataLoader/import","","/oracle/apps/ess/scm/advancedPlanning/collection/configuration;CSVController","RoutingOperationOutputs.ctl","MSC_ST_WD_ROPER_OUTPUTS_INT"
"SCM","724","Msc Common","135","scm/planningDataLoader/import","","/oracle/apps/ess/scm/advancedPlanning/collection/configuration;CSVController","AttributeValueRelationships.ctl","MSC_ST_ATTR_VAL_REL_INT"
"SCM","724","Msc Common","135","scm/planningDataLoader/import","","/oracle/apps/ess/scm/advancedPlanning/collection/configuration;CSVController","AttributeValues.ctl","MSC_ST_ATTRIBUTE_VALUES_INT"
"SCM","724","Msc Common","135","scm/planningDataLoader/import","","/oracle/apps/ess/scm/advancedPlanning/collection/configuration;CSVController","AttributeDesignators.ctl","MSC_ST_ATTR_DESIGNATORS_INT"
"SCM","724","Msc Common","135","scm/planningDataLoader/import","","/oracle/apps/ess/scm/advancedPlanning/collection/configuration;CSVController","BORAlternateResources.ctl","MSC_ST_BOR_SUBSTITUTES_INT"
"SCM","724","Msc Common","135","scm/planningDataLoader/import","","/oracle/apps/ess/scm/advancedPlanning/collection/configuration;CSVController","BORComponentSubstitutes.ctl","MSC_ST_BOR_SUBSTITUTES_INT"
"SCM","724","Msc Common","135","scm/planningDataLoader/import","","/oracle/apps/ess/scm/advancedPlanning/collection/configuration;CSVController","BOROptionDependent.ctl","MSC_ST_BOR_OPTION_DEP_INT"
"SCM","724","Msc Common","135","scm/planningDataLoader/import","","/oracle/apps/ess/scm/advancedPlanning/collection/configuration;CSVController","PurchaseOrderRcvHistory.ctl","MSC_ST_SHIP_RCV_HISTORY_INT"
"SCM","724","Msc Common","135","scm/planningDataLoader/import","","/oracle/apps/ess/scm/advancedPlanning/collection/configuration;CSVController","ShipHistDateRangeForAllocation.ctl","MSC_ST_ALLOC_TIME_HISTORY_INT"
"SCM","724","Msc Common","135","scm/planningDataLoader/import","","/oracle/apps/ess/scm/advancedPlanning/collection/configuration;CSVController","SupplyAllocationQuantities.ctl","MSC_ST_SUPPLY_ALLOC_QTY_INT"
"SCM","724","Msc Common","168","scm/planningDataLoader/import","","/oracle/apps/ess/scm/advancedPlanning/collection/configuration;CSVController","AllocationRuleAssignments.ctl","MSC_ST_ALLOC_ASSIGNMENTS"
"SCM","724","Msc Common","168","scm/planningDataLoader/import","","/oracle/apps/ess/scm/advancedPlanning/collection/configuration;CSVController","ASLSupplierItem.ctl","MSC_ST_ITEM_SUPPLIERS"
"SCM","724","Msc Common","168","scm/planningDataLoader/import","","/oracle/apps/ess/scm/advancedPlanning/collection/configuration;CSVController","AssignmentSets.ctl","MSC_ST_ASSIGNMENT_SETS, MSC_ST_SR_ASSIGNMENTS"
"SCM","724","Msc Common","168","scm/planningDataLoader/import","","/oracle/apps/ess/scm/advancedPlanning/collection/configuration;CSVController","ATPRuleAssignments.ctl","MSC_ST_ATP_ASSIGNMENTS"
"SCM","724","Msc Common","168","scm/planningDataLoader/import","","/oracle/apps/ess/scm/advancedPlanning/collection/configuration;CSVController","RoutingOperationOutputs.ctl","MSC_ST_WD_ROPER_OUTPUTS_INT"
"SCM","724","Msc Common","168","scm/planningDataLoader/import","","/oracle/apps/ess/scm/advancedPlanning/collection/configuration;CSVController","AttributeValueRelationships.ctl","MSC_ST_ATTR_VAL_REL_INT"
"SCM","724","Msc Common","168","scm/planningDataLoader/import","","/oracle/apps/ess/scm/advancedPlanning/collection/configuration;CSVController","AttributeValues.ctl","MSC_ST_ATTRIBUTE_VALUES_INT"
"SCM","724","Msc Common","168","scm/planningDataLoader/import","","/oracle/apps/ess/scm/advancedPlanning/collection/configuration;CSVController","AttributeDesignators.ctl","MSC_ST_ATTR_DESIGNATORS_INT"
"SCM","724","Msc Common","168","scm/planningDataLoader/import","","/oracle/apps/ess/scm/advancedPlanning/collection/configuration;CSVController","BORAlternateResources.ctl","MSC_ST_BOR_SUBSTITUTES_INT"
"FIN","7003","Bank Statement","98","fin/cashManagement/export","","/oracle/apps/ess/financials/commonModules/shared/common/outbound;BankStatementExtract","",""
"FIN","7003","Asset","99","fin/assets/export","","/oracle/apps/ess/financials/commonModules/shared/common/outbound;AssetAdditionsExtract","",""
"FIN","7003","Financials Tax","105","fin/tax/export","","/oracle/apps/ess/financials/commonModules/shared/common/outbound;FinancialTaxExtract","",""
"FIN","7003","Trail Balance","104","fin/generalLedger/export","","/oracle/apps/ess/financials/commonModules/shared/common/outbound;TrialBalanceExtract","",""
"FIN","7003","Journals","103","fin/generalLedger/export","","/oracle/apps/ess/financials/commonModules/shared/common/outbound;JournalsExtract","",""
"FIN","7003","Asset Transaction","101","fin/assets/export","","/oracle/apps/ess/financials/commonModules/shared/common/outbound;AssetTransactionsHistoryExtract","",""
"FIN","7003","Receivables Receipts","96","fin/receivables/export","","/oracle/apps/ess/financials/commonModules/shared/common/outbound;ReceiptsAnalysisExtract","",""
"FIN","7003","Payments","93","fin/payments/export","","/oracle/apps/ess/financials/commonModules/shared/common/outbound;PaymentsExtract","",""
"FIN","7003","Receivables Adjustments","95","fin/receivables/export","","/oracle/apps/ess/financials/commonModules/shared/common/outbound;ReceivablesAdjustmentsExtract","",""
"FIN","7003","Receivables Billing History","97","fin/receivables/export","","/oracle/apps/ess/financials/commonModules/shared/common/outbound;ReceivablesBillingHistoryExtract","",""
"FIN","7003","Asset Transaction","100","fin/assets/export","","/oracle/apps/ess/financials/commonModules/shared/common/outbound;AssetRetirementsExtract","",""
"FIN","7003","Payables Transactions","92","fin/payables/export","","/oracle/apps/ess/financials/commonModules/shared/common/outbound;PayablesTransactionsExtract","",""
"FIN","7003","Asset Transaction","102","fin/assets/export","","/oracle/apps/ess/financials/commonModules/shared/common/outbound;AssetTransfersExtract","",""
"FIN","7003","Receivables Transactions","94","fin/receivables/export","","/oracle/apps/ess/financials/commonModules/shared/common/outbound;ReceivablesTransactionsExtract","",""
